entity_id,entity_type,pressure,max_pressure,flow_rate,temperature,material,age_days,last_maintenance_days,num_past_maintenances,pressure_loss,status,next_maintenance_days
PIPE-0001,pipe,0.59,1.5,412.5,32.09,steel,4937,442,1,0.04,leak,38
PIPE-0002,pipe,2.27,2.81,378.37,29.5,copper,1905,469,18,0.42,active,175
PIPE-0003,pipe,2.94,3.95,317.67,38.72,concrete,937,104,12,0.15,offline,308
NODE-0004,node,3.32,4.91,850.72,39.19,copper,745,575,9,,operational,235
NODE-0005,node,2.52,4.08,164.15,16.84,concrete,753,248,3,,maintenance,276
NODE-0006,node,2.09,3.84,327.72,20.66,concrete,684,633,20,,leak,202
PIPE-0007,pipe,1.07,2.14,1485.33,29.2,pvc,2756,67,7,1.23,offline,238
NODE-0008,node,1.44,2.26,1420.07,36.29,concrete,1841,681,15,,maintenance,148
NODE-0009,node,1.0,1.71,1142.98,26.17,copper,4880,418,11,,leak,31
PIPE-0010,pipe,2.28,2.92,165.96,13.29,pvc,3558,620,2,0.58,operational,72
NODE-0011,node,2.35,4.31,1305.09,10.34,steel,4498,283,20,,offline,79
PIPE-0012,pipe,1.53,2.27,104.54,31.66,concrete,4200,192,16,1.37,offline,111
PIPE-0013,pipe,1.03,2.67,855.13,33.36,steel,2755,510,0,0.17,offline,129
NODE-0014,node,1.34,2.2,894.3,12.36,copper,666,555,4,,leak,193
NODE-0015,node,3.81,4.56,838.74,28.2,pvc,4517,716,6,,offline,7
NODE-0016,node,3.98,5.45,713.34,25.53,steel,2130,240,2,,offline,203
PIPE-0017,pipe,2.56,3.41,408.3,12.13,steel,1975,79,1,1.29,active,237
PIPE-0018,pipe,1.47,2.7,854.93,31.7,copper,2090,494,13,0.29,active,167
NODE-0019,node,1.74,2.86,1309.37,11.63,steel,596,422,10,,active,239
PIPE-0020,pipe,1.17,2.47,296.26,15.5,copper,2146,87,14,1.21,operational,220
PIPE-0021,pipe,0.68,2.68,1270.44,39.07,pvc,1462,426,15,0.72,maintenance,228
PIPE-0022,pipe,1.08,1.58,646.59,37.8,copper,2436,443,17,0.99,maintenance,153
PIPE-0023,pipe,1.16,1.99,181.88,32.07,steel,2669,68,1,0.88,operational,220
PIPE-0024,pipe,0.7,1.96,1291.88,12.06,steel,2026,423,3,1.41,operational,159
PIPE-0025,pipe,2.53,3.09,214.78,29.72,concrete,2236,219,10,0.36,maintenance,203
PIPE-0026,pipe,2.85,3.8,542.65,32.56,steel,176,479,19,1.5,active,263
PIPE-0027,pipe,2.38,3.64,285.44,20.47,steel,2101,388,9,0.24,operational,166
NODE-0028,node,2.64,4.62,1015.57,10.23,concrete,948,147,8,,active,294
PIPE-0029,pipe,3.1,3.83,494.46,16.32,concrete,1767,713,20,1.28,operational,126
NODE-0030,node,1.38,3.24,171.12,29.03,concrete,461,13,10,,leak,336
NODE-0031,node,1.07,2.23,1087.93,26.83,steel,716,717,4,,operational,178
PIPE-0032,pipe,3.42,4.79,307.33,13.82,concrete,3087,50,11,0.32,leak,228
PIPE-0033,pipe,1.74,3.08,1324.6,39.22,pvc,2039,176,5,1.32,active,229
PIPE-0034,pipe,3.08,4.08,1403.14,34.07,pvc,2285,173,3,0.57,active,202
NODE-0035,node,1.28,3.0,744.42,19.16,pvc,1926,34,6,,maintenance,275
NODE-0036,node,1.48,2.08,1182.66,20.53,copper,4492,349,0,,active,54
NODE-0037,node,1.12,3.06,471.65,13.25,copper,2931,331,13,,operational,156
PIPE-0038,pipe,1.85,3.21,456.61,31.26,steel,4359,561,6,0.55,active,7
NODE-0039,node,2.68,4.18,274.48,37.0,concrete,3445,344,12,,offline,106
PIPE-0040,pipe,1.17,2.67,630.8,32.44,pvc,4762,318,12,0.82,active,66
NODE-0041,node,1.5,2.64,911.98,29.64,copper,3719,462,6,,operational,99
NODE-0042,node,3.28,5.22,1130.35,29.77,concrete,4322,689,20,,operational,32
NODE-0043,node,0.83,2.76,428.82,19.31,pvc,1307,35,1,,leak,292
NODE-0044,node,2.64,4.29,737.58,36.58,pvc,3245,516,12,,leak,96
PIPE-0045,pipe,2.8,3.31,1151.35,33.1,steel,3582,234,5,1.21,operational,118
NODE-0046,node,0.68,1.55,1287.67,23.69,copper,4451,582,19,,offline,20
NODE-0047,node,2.64,4.22,806.69,34.92,copper,1403,496,14,,offline,190
PIPE-0048,pipe,3.44,4.36,1188.74,24.54,pvc,2349,460,2,1.07,leak,171
NODE-0049,node,1.68,3.52,212.81,14.52,copper,1351,229,2,,maintenance,258
NODE-0050,node,1.66,2.86,187.17,34.99,copper,4884,722,0,,operational,7
NODE-0051,node,2.17,4.08,518.06,21.7,copper,4509,569,19,,leak,34
NODE-0052,node,1.27,2.42,140.63,20.08,copper,1452,488,4,,operational,191
PIPE-0053,pipe,3.67,5.06,1028.2,12.52,copper,1211,482,5,0.08,maintenance,199
NODE-0054,node,1.24,2.23,1165.72,21.37,copper,2166,93,15,,active,248
PIPE-0055,pipe,4.0,5.02,1010.2,33.44,steel,354,263,6,1.26,operational,311
PIPE-0056,pipe,1.33,2.54,260.15,38.43,copper,2199,387,5,0.91,active,192
PIPE-0057,pipe,3.88,4.54,135.95,19.36,copper,3349,213,2,0.89,leak,144
PIPE-0058,pipe,2.94,3.89,1057.96,34.17,steel,2944,555,13,0.99,active,103
NODE-0059,node,0.54,1.67,786.28,23.01,concrete,3866,166,13,,leak,143
NODE-0060,node,2.66,4.54,1184.5,23.95,concrete,2740,261,2,,offline,190
NODE-0061,node,1.35,2.55,954.46,21.37,steel,4149,342,5,,maintenance,83
PIPE-0062,pipe,1.74,2.63,491.52,27.88,concrete,4653,20,16,1.42,active,127
PIPE-0063,pipe,3.02,4.25,1161.43,30.72,copper,3771,27,2,0.44,maintenance,156
PIPE-0064,pipe,1.57,2.94,762.56,25.93,copper,4608,348,11,1.05,offline,49
NODE-0065,node,1.38,2.06,369.62,13.59,pvc,1669,231,15,,offline,248
NODE-0066,node,3.93,5.68,514.75,20.83,concrete,215,556,4,,offline,264
PIPE-0067,pipe,3.91,5.24,1076.38,13.79,copper,940,22,18,0.43,maintenance,313
NODE-0068,node,1.69,3.64,453.47,35.85,steel,635,420,15,,active,265
PIPE-0069,pipe,1.03,2.75,1428.78,12.56,pvc,1070,581,13,0.91,operational,201
PIPE-0070,pipe,3.21,4.28,1371.91,18.92,copper,2601,592,19,0.09,active,108
PIPE-0071,pipe,2.69,3.59,213.66,17.2,steel,1382,12,13,0.68,operational,299
NODE-0072,node,1.52,2.37,1089.74,31.09,copper,683,713,7,,offline,212
PIPE-0073,pipe,1.99,3.31,1006.69,37.25,pvc,684,71,5,1.19,operational,317
NODE-0074,node,2.04,3.24,525.73,22.08,concrete,4199,562,15,,maintenance,67
PIPE-0075,pipe,2.59,4.42,1128.35,28.11,steel,848,244,18,0.88,active,236
NODE-0076,node,2.52,4.16,345.27,25.57,copper,2378,195,18,,maintenance,220
NODE-0077,node,3.89,5.1,671.69,19.63,steel,1417,347,13,,maintenance,227
NODE-0078,node,2.82,3.92,1164.7,11.1,steel,2676,268,10,,active,175
NODE-0079,node,3.53,5.27,101.61,36.08,copper,3485,65,6,,operational,179
NODE-0080,node,2.68,3.93,718.86,11.55,concrete,4599,144,9,,maintenance,79
NODE-0081,node,0.92,2.88,952.42,17.18,pvc,2645,574,0,,operational,116
NODE-0082,node,0.83,2.82,1378.1,23.84,steel,1361,520,9,,operational,198
NODE-0083,node,1.95,3.17,761.11,23.7,pvc,3242,205,19,,operational,184
PIPE-0084,pipe,3.52,4.43,1206.01,22.45,concrete,121,299,9,1.26,operational,293
NODE-0085,node,3.53,4.7,778.08,19.97,copper,3830,339,6,,leak,95
NODE-0086,node,1.32,2.98,161.11,32.34,copper,3262,689,20,,leak,58
NODE-0087,node,3.88,4.57,1451.5,19.96,steel,3706,112,16,,maintenance,171
PIPE-0088,pipe,3.03,4.14,1016.69,14.63,copper,2271,356,19,1.04,active,185
NODE-0089,node,3.48,5.27,632.01,19.5,copper,4532,46,19,,active,123
PIPE-0090,pipe,2.71,4.59,1496.4,32.4,copper,906,658,3,0.67,offline,196
PIPE-0091,pipe,0.66,2.35,510.71,21.25,pvc,2100,553,13,0.85,leak,151
PIPE-0092,pipe,1.11,2.52,635.56,30.49,copper,4877,156,7,0.69,offline,105
NODE-0093,node,1.39,1.9,1226.49,37.04,pvc,705,462,11,,operational,228
NODE-0094,node,2.74,3.88,450.14,35.36,pvc,3251,504,3,,leak,99
NODE-0095,node,2.5,3.86,1489.77,18.86,copper,2348,18,18,,active,240
NODE-0096,node,3.41,5.26,1186.04,16.9,concrete,1894,661,6,,operational,118
NODE-0097,node,2.87,4.45,1022.85,35.15,steel,422,326,14,,active,283
NODE-0098,node,3.06,3.7,513.15,32.42,pvc,1744,145,17,,offline,252
NODE-0099,node,3.41,4.3,1254.57,24.46,concrete,2874,127,14,,active,197
PIPE-0100,pipe,3.14,3.98,1046.85,30.23,copper,4665,384,2,1.19,active,53
NODE-0101,node,2.38,3.56,1041.96,30.17,copper,3143,120,7,,maintenance,163
PIPE-0102,pipe,2.67,4.58,559.21,28.3,steel,3903,727,9,0.97,active,24
PIPE-0103,pipe,0.66,1.22,1494.3,13.48,pvc,4503,148,12,0.68,operational,106
NODE-0104,node,2.56,4.15,1339.58,29.65,copper,3443,296,1,,offline,122
PIPE-0105,pipe,2.05,3.98,1297.63,12.98,concrete,4560,670,11,0.09,offline,28
PIPE-0106,pipe,3.89,5.81,1253.87,12.75,pvc,4991,31,1,1.18,leak,116
PIPE-0107,pipe,3.25,4.06,1261.74,26.63,pvc,2008,346,4,1.18,operational,224
PIPE-0108,pipe,1.47,3.45,1482.54,26.21,pvc,1000,686,0,0.2,offline,180
PIPE-0109,pipe,2.56,3.08,471.51,13.8,copper,4409,126,2,0.71,offline,123
PIPE-0110,pipe,2.08,2.91,961.15,31.82,concrete,3852,668,0,0.09,maintenance,39
NODE-0111,node,1.99,2.65,1097.36,23.31,steel,2738,632,4,,active,75
PIPE-0112,pipe,1.46,2.91,867.7,19.76,concrete,3816,527,19,0.65,active,70
PIPE-0113,pipe,2.01,3.84,679.34,34.82,copper,3507,107,10,0.64,offline,169
NODE-0114,node,3.84,5.37,763.98,12.74,steel,863,452,3,,offline,268
PIPE-0115,pipe,2.45,3.83,886.22,19.89,steel,3465,372,13,1.3,active,116
NODE-0116,node,2.6,3.63,909.09,16.38,copper,1937,120,11,,operational,249
NODE-0117,node,0.9,1.82,416.62,22.87,steel,2290,39,5,,offline,244
NODE-0118,node,3.73,4.76,353.97,14.3,copper,670,155,20,,active,284
PIPE-0119,pipe,3.11,3.93,687.77,20.23,concrete,2652,342,18,0.89,active,182
PIPE-0120,pipe,1.05,2.48,1043.56,18.16,copper,4078,631,14,0.62,leak,47
PIPE-0121,pipe,1.71,2.38,1049.51,27.79,concrete,472,235,12,1.48,active,306
PIPE-0122,pipe,1.22,3.14,1174.29,32.92,concrete,2787,132,0,0.75,maintenance,187
PIPE-0123,pipe,0.95,2.25,422.16,26.76,concrete,690,416,1,0.65,maintenance,269
PIPE-0124,pipe,3.52,4.88,902.76,31.28,copper,2471,127,12,0.03,offline,196
PIPE-0125,pipe,3.3,4.73,1264.84,37.59,steel,3677,118,7,0.65,maintenance,167
PIPE-0126,pipe,1.89,2.86,575.32,19.99,pvc,725,532,20,0.17,operational,255
PIPE-0127,pipe,3.67,4.69,1118.33,34.57,pvc,2035,115,4,0.38,leak,227
PIPE-0128,pipe,3.16,4.64,348.0,33.19,copper,3900,587,18,0.67,operational,45
NODE-0129,node,3.52,4.96,311.34,12.05,copper,2580,291,18,,active,179
NODE-0130,node,2.28,3.25,732.68,11.71,concrete,728,670,2,,operational,188
NODE-0131,node,2.12,3.45,1208.54,36.88,copper,4783,677,6,,offline,7
NODE-0132,node,2.25,4.19,730.73,34.33,concrete,790,526,20,,leak,222
PIPE-0133,pipe,1.37,2.53,715.19,25.68,pvc,3081,391,9,0.58,offline,118
PIPE-0134,pipe,3.26,4.73,192.28,12.84,copper,2427,268,19,1.31,offline,198
PIPE-0135,pipe,2.54,3.25,589.75,39.03,copper,1156,619,2,0.46,maintenance,172
NODE-0136,node,3.35,4.86,1260.54,32.16,steel,3568,530,11,,active,104
NODE-0137,node,1.58,3.51,578.43,32.98,pvc,1955,150,4,,active,227
NODE-0138,node,3.46,4.11,1179.22,35.05,steel,2858,642,4,,operational,91
NODE-0139,node,1.04,1.81,1069.98,28.74,pvc,3685,54,13,,offline,183
PIPE-0140,pipe,3.89,5.31,1153.35,33.51,pvc,4474,254,9,1.45,maintenance,74
PIPE-0141,pipe,1.79,3.71,1478.22,23.85,concrete,3228,524,16,0.63,leak,103
PIPE-0142,pipe,3.3,4.01,450.0,29.24,concrete,4642,115,16,1.28,offline,129
PIPE-0143,pipe,3.17,4.08,1367.43,14.42,copper,851,237,14,1.33,active,252
NODE-0144,node,0.69,1.94,430.09,39.84,concrete,1939,38,10,,active,264
NODE-0145,node,3.27,3.98,501.63,34.89,pvc,3942,469,19,,active,78
PIPE-0146,pipe,0.57,1.39,309.33,38.21,copper,1010,305,7,0.45,active,265
PIPE-0147,pipe,1.97,3.66,739.96,13.33,copper,4988,558,0,0.95,operational,12
PIPE-0148,pipe,3.01,3.95,102.19,20.58,copper,1634,690,2,0.79,offline,127
PIPE-0149,pipe,3.84,5.16,1200.98,25.23,steel,3298,491,1,0.95,offline,110
NODE-0150,node,3.12,4.16,194.58,17.23,steel,4866,350,4,,active,56
NODE-0151,node,2.41,4.13,345.12,33.37,copper,4020,656,5,,leak,36
PIPE-0152,pipe,3.01,4.93,151.78,16.05,pvc,443,333,9,0.77,operational,282
NODE-0153,node,1.39,3.02,367.54,20.71,steel,2819,289,3,,offline,158
NODE-0154,node,3.61,5.22,1352.49,21.6,pvc,4164,718,15,,offline,33
NODE-0155,node,3.3,4.89,210.5,28.07,pvc,4568,310,10,,active,79
PIPE-0156,pipe,1.65,2.59,724.28,31.53,pvc,3736,369,14,0.06,offline,96
NODE-0157,node,1.46,3.43,1427.07,12.25,copper,3076,535,5,,active,132
PIPE-0158,pipe,3.47,4.99,713.44,13.79,pvc,3100,380,12,1.42,active,141
PIPE-0159,pipe,2.88,4.8,620.82,32.89,pvc,4437,385,12,0.47,offline,50
PIPE-0160,pipe,3.86,4.4,360.47,25.53,steel,2244,276,14,0.32,operational,207
NODE-0161,node,2.93,4.93,380.25,14.07,steel,3803,186,14,,active,124
NODE-0162,node,2.84,4.4,870.0,18.71,concrete,1390,727,20,,leak,162
NODE-0163,node,2.28,2.96,381.37,14.17,copper,315,379,17,,operational,292
NODE-0164,node,2.14,4.11,281.68,36.53,steel,2633,417,15,,operational,139
NODE-0165,node,3.19,4.93,203.25,39.17,steel,3786,487,16,,offline,93
PIPE-0166,pipe,3.57,5.24,995.71,15.46,pvc,3644,524,1,1.25,operational,85
PIPE-0167,pipe,1.56,2.3,1408.63,16.76,concrete,746,266,6,0.95,operational,287
NODE-0168,node,0.94,1.89,846.87,25.08,pvc,4948,604,4,,leak,58
NODE-0169,node,3.45,4.8,1255.33,10.85,steel,4824,281,20,,leak,65
NODE-0170,node,2.66,3.21,1344.6,26.37,concrete,4056,260,12,,offline,100
NODE-0171,node,0.76,1.35,715.45,24.53,pvc,2886,631,4,,offline,82
NODE-0172,node,3.07,4.86,1465.52,13.92,concrete,4318,585,3,,offline,21
PIPE-0173,pipe,2.13,3.03,447.09,12.9,concrete,3246,640,13,0.37,leak,74
NODE-0174,node,3.77,5.35,365.77,14.78,copper,4185,325,15,,active,96
PIPE-0175,pipe,3.81,5.07,1453.36,16.45,concrete,498,61,9,0.74,maintenance,333
NODE-0176,node,2.38,4.15,703.3,36.47,concrete,3403,384,1,,maintenance,131
PIPE-0177,pipe,2.5,3.29,874.51,12.21,copper,4604,296,19,1.02,active,76
PIPE-0178,pipe,3.91,5.0,1212.86,20.17,concrete,1281,213,19,0.76,operational,280
PIPE-0179,pipe,0.66,1.37,566.26,24.21,copper,1320,630,16,0.21,operational,170
NODE-0180,node,1.07,3.06,1135.05,18.98,concrete,4255,531,17,,maintenance,87
NODE-0181,node,2.16,2.68,563.74,13.29,copper,4881,325,20,,active,65
NODE-0182,node,1.43,2.91,1460.88,27.35,pvc,520,607,15,,leak,206
NODE-0183,node,1.02,2.54,144.2,38.45,steel,1662,29,14,,offline,261
NODE-0184,node,1.03,2.57,674.53,33.25,copper,610,151,16,,leak,312
NODE-0185,node,3.99,5.21,627.55,38.7,copper,4467,360,17,,offline,67
NODE-0186,node,2.64,3.43,445.13,26.74,pvc,2538,305,6,,maintenance,188
NODE-0187,node,2.18,3.52,1408.28,31.65,concrete,1098,597,17,,maintenance,199
NODE-0188,node,3.36,5.29,1226.46,18.71,concrete,747,364,14,,offline,255
NODE-0189,node,1.25,2.99,479.59,26.86,concrete,1224,121,19,,operational,268
PIPE-0190,pipe,1.35,2.85,843.46,29.14,steel,920,433,10,1.08,active,211
PIPE-0191,pipe,0.52,1.85,1400.74,22.21,copper,4011,676,6,1.13,offline,24
NODE-0192,node,1.5,2.09,1176.21,29.57,pvc,4483,48,5,,maintenance,144
PIPE-0193,pipe,3.77,4.32,1270.68,33.64,pvc,2471,48,0,0.45,operational,236
PIPE-0194,pipe,3.75,4.75,736.09,29.24,copper,1199,526,14,0.41,active,183
NODE-0195,node,1.07,2.26,460.17,15.59,concrete,2516,591,6,,leak,124
NODE-0196,node,3.39,4.66,221.43,30.08,pvc,1251,498,10,,leak,209
PIPE-0197,pipe,1.41,2.26,1155.26,38.62,concrete,4871,596,0,0.39,offline,17
PIPE-0198,pipe,0.72,1.4,529.53,22.16,concrete,1061,664,9,0.55,leak,182
PIPE-0199,pipe,3.85,5.07,736.97,39.67,concrete,3506,728,17,1.37,operational,45
PIPE-0200,pipe,3.17,4.69,934.14,33.62,copper,4426,730,11,0.12,operational,13
PIPE-0201,pipe,0.72,2.04,807.68,27.18,pvc,1447,345,16,0.66,leak,229
NODE-0202,node,0.82,2.09,1232.17,23.6,copper,3842,587,1,,operational,64
NODE-0203,node,2.85,3.81,130.48,17.63,steel,1885,602,2,,active,167
NODE-0204,node,1.71,2.31,1491.77,38.04,steel,3967,42,9,,maintenance,174
PIPE-0205,pipe,3.19,4.84,1469.67,29.38,copper,3167,401,14,1.3,maintenance,107
NODE-0206,node,0.78,2.73,1324.38,13.99,concrete,1071,192,17,,maintenance,260
PIPE-0207,pipe,3.05,3.88,104.86,10.68,concrete,3892,699,17,0.64,maintenance,39
PIPE-0208,pipe,1.37,2.39,485.91,38.12,steel,363,686,13,0.92,active,217
PIPE-0209,pipe,1.22,1.87,147.01,27.93,steel,2104,55,12,0.66,operational,256
PIPE-0210,pipe,3.14,4.8,296.19,39.8,pvc,4819,336,18,0.9,offline,115
PIPE-0211,pipe,1.56,2.27,1024.3,16.63,concrete,2354,72,17,1.42,leak,242
NODE-0212,node,2.45,3.02,582.18,29.3,copper,4396,336,13,,maintenance,96
PIPE-0213,pipe,1.55,2.33,853.1,17.23,pvc,2563,157,14,1.37,operational,220
NODE-0214,node,3.89,5.23,287.73,17.29,pvc,2805,672,2,,maintenance,100
NODE-0215,node,0.82,2.41,366.67,18.05,steel,696,202,18,,operational,287
PIPE-0216,pipe,2.18,3.98,566.15,38.71,steel,1835,204,3,1.12,maintenance,245
PIPE-0217,pipe,2.93,4.49,655.28,17.18,concrete,2418,399,14,0.8,offline,155
NODE-0218,node,1.42,2.69,796.19,12.96,copper,2723,218,11,,offline,183
NODE-0219,node,0.66,2.46,1137.75,10.49,copper,2518,166,6,,offline,200
PIPE-0220,pipe,1.83,3.58,799.02,29.64,concrete,2208,510,20,1.11,maintenance,154
PIPE-0221,pipe,3.06,4.09,295.94,26.4,pvc,4541,667,1,0.79,active,64
PIPE-0222,pipe,3.18,4.3,1279.56,16.94,pvc,174,233,16,0.68,active,283
NODE-0223,node,2.81,3.33,845.1,22.34,steel,4436,291,17,,offline,96
PIPE-0224,pipe,2.26,3.81,702.8,38.19,pvc,976,108,16,0.22,leak,272
NODE-0225,node,3.35,4.25,655.65,21.19,copper,3860,588,7,,leak,48
NODE-0226,node,2.89,4.66,1015.23,35.75,steel,865,425,12,,maintenance,253
NODE-0227,node,0.7,1.21,339.94,25.0,copper,2813,589,3,,operational,108
PIPE-0228,pipe,1.3,3.15,1069.2,27.0,concrete,481,86,8,1.35,operational,308
PIPE-0229,pipe,1.13,2.91,121.92,16.21,pvc,3362,88,9,0.24,leak,170
NODE-0230,node,2.87,4.18,637.38,32.19,steel,4202,364,1,,active,93
NODE-0231,node,1.31,1.92,947.24,28.42,copper,2773,40,20,,offline,209
NODE-0232,node,2.22,3.25,1417.6,22.96,copper,802,643,9,,leak,200
PIPE-0233,pipe,0.79,1.52,1096.35,29.02,copper,2694,379,3,0.14,offline,156
NODE-0234,node,1.76,2.66,285.51,15.62,copper,4662,578,16,,maintenance,21
PIPE-0235,pipe,0.59,1.62,230.29,27.94,concrete,3255,22,9,0.62,active,231
PIPE-0236,pipe,2.5,3.25,633.02,14.17,concrete,2298,514,4,0.09,maintenance,158
NODE-0237,node,1.97,3.2,207.69,17.55,pvc,4161,618,19,,leak,7
NODE-0238,node,0.87,1.83,1428.35,19.97,copper,2799,460,10,,maintenance,136
PIPE-0239,pipe,1.55,2.95,1073.41,24.37,pvc,3362,336,9,1.1,maintenance,121
PIPE-0240,pipe,1.64,2.56,1200.21,20.95,pvc,4951,568,5,1.02,operational,42
PIPE-0241,pipe,3.84,5.03,1091.71,23.15,concrete,666,428,15,0.21,offline,236
PIPE-0242,pipe,1.38,2.11,692.38,21.31,copper,4998,500,18,0.6,operational,29
NODE-0243,node,2.4,4.09,603.34,36.87,steel,995,264,11,,leak,271
PIPE-0244,pipe,2.47,3.94,1005.44,39.0,concrete,3626,118,0,0.15,leak,173
PIPE-0245,pipe,2.06,3.15,1181.28,27.66,pvc,2925,35,15,0.16,maintenance,194
PIPE-0246,pipe,0.91,2.82,298.35,19.36,copper,1794,543,15,0.52,active,163
NODE-0247,node,3.03,4.21,194.04,11.34,steel,285,361,20,,active,272
PIPE-0248,pipe,3.75,5.36,822.39,26.56,concrete,4686,446,14,0.35,maintenance,33
PIPE-0249,pipe,1.15,2.64,653.82,32.12,pvc,3782,616,13,0.58,leak,79
PIPE-0250,pipe,1.47,3.03,1214.41,27.32,pvc,3096,343,6,0.69,offline,149
NODE-0251,node,2.35,3.81,935.76,28.34,steel,2950,370,14,,operational,126
PIPE-0252,pipe,3.35,4.91,516.42,28.43,steel,1197,330,3,0.36,active,253
PIPE-0253,pipe,1.81,2.52,643.85,27.89,copper,3565,200,15,0.95,leak,178
PIPE-0254,pipe,2.21,2.92,540.41,23.53,steel,3041,19,15,0.2,maintenance,225
NODE-0255,node,1.93,3.17,1094.2,23.32,pvc,777,588,0,,leak,188
NODE-0256,node,0.61,1.45,504.14,33.42,copper,4603,533,3,,operational,23
PIPE-0257,pipe,1.44,2.75,1487.25,26.26,steel,3715,569,6,1.48,active,86
PIPE-0258,pipe,1.54,3.54,729.63,20.46,steel,3696,130,7,0.31,operational,145
NODE-0259,node,3.51,4.93,699.43,28.48,pvc,1795,70,18,,offline,268
NODE-0260,node,2.59,3.34,1470.6,18.78,concrete,4314,705,3,,leak,41
NODE-0261,node,3.72,5.71,1313.87,13.81,pvc,2145,159,10,,leak,214
NODE-0262,node,2.21,3.58,476.2,22.43,copper,718,658,2,,maintenance,199
NODE-0263,node,2.93,4.75,736.57,24.64,steel,863,479,20,,offline,179
PIPE-0264,pipe,3.28,4.38,1455.38,34.75,copper,2299,340,9,0.51,operational,168
PIPE-0265,pipe,2.48,3.71,581.24,30.48,steel,476,111,20,1.18,maintenance,317
PIPE-0266,pipe,0.93,2.72,717.8,10.02,copper,1757,715,4,1.32,offline,117
PIPE-0267,pipe,3.56,5.37,230.68,20.81,steel,3146,690,20,0.25,maintenance,94
NODE-0268,node,3.04,4.67,700.92,12.74,steel,108,228,15,,active,294
PIPE-0269,pipe,2.58,3.86,723.09,10.24,concrete,1087,442,4,0.72,leak,217
NODE-0270,node,0.81,2.52,244.48,21.03,concrete,1223,401,4,,leak,225
PIPE-0271,pipe,2.36,2.87,1010.03,23.2,pvc,1340,431,19,1.03,leak,233
PIPE-0272,pipe,3.64,4.35,272.42,31.9,concrete,3617,332,4,0.37,active,98
PIPE-0273,pipe,2.44,3.84,950.63,33.37,steel,2571,220,16,0.91,leak,210
NODE-0274,node,1.53,2.11,1357.08,38.64,copper,3261,125,7,,maintenance,177
PIPE-0275,pipe,2.35,4.32,1481.64,38.02,pvc,3268,592,13,0.55,leak,70
NODE-0276,node,3.84,5.5,123.37,12.03,concrete,1867,50,1,,maintenance,268
NODE-0277,node,2.7,3.95,681.6,31.05,steel,4495,560,19,,leak,32
NODE-0278,node,0.79,1.41,1389.29,39.23,pvc,4494,344,12,,operational,64
PIPE-0279,pipe,1.59,2.75,1434.8,17.16,pvc,806,454,3,0.68,operational,236
PIPE-0280,pipe,1.58,3.19,1136.92,13.58,pvc,192,177,15,1.43,operational,316
NODE-0281,node,1.08,1.77,1193.57,18.06,steel,340,353,13,,offline,279
PIPE-0282,pipe,1.42,3.38,978.55,24.88,concrete,554,521,18,0.25,leak,243
NODE-0283,node,3.21,5.05,1043.77,13.46,steel,460,22,7,,active,361
NODE-0284,node,1.77,3.65,350.55,38.81,steel,4629,681,13,,leak,12
NODE-0285,node,1.37,3.24,547.91,34.78,concrete,1078,524,1,,leak,239
PIPE-0286,pipe,3.32,5.29,1435.71,12.07,copper,2412,328,10,0.13,maintenance,151
PIPE-0287,pipe,1.79,2.73,1198.31,32.19,pvc,3900,387,18,1.46,leak,91
PIPE-0288,pipe,1.03,2.93,133.47,26.25,steel,2844,11,12,1.27,offline,229
PIPE-0289,pipe,1.22,3.19,687.74,38.84,pvc,2392,105,1,1.38,operational,229
NODE-0290,node,2.95,4.01,1464.38,12.55,steel,4240,146,20,,maintenance,115
PIPE-0291,pipe,2.57,3.16,1027.42,13.92,concrete,2238,332,12,1.05,offline,185
NODE-0292,node,2.08,2.93,1420.98,14.08,steel,1373,118,5,,maintenance,267
NODE-0293,node,1.6,2.28,601.6,33.11,copper,2625,484,8,,active,130
PIPE-0294,pipe,1.05,2.58,1256.94,30.91,steel,1861,345,4,0.14,leak,215
NODE-0295,node,1.89,2.46,518.38,34.6,pvc,354,424,14,,operational,269
PIPE-0296,pipe,0.83,1.48,1211.33,13.64,steel,1920,143,6,1.24,offline,231
PIPE-0297,pipe,2.54,3.43,1237.85,10.65,steel,1719,671,14,1.21,active,159
NODE-0298,node,0.93,2.84,170.89,37.72,copper,3335,518,0,,maintenance,100
NODE-0299,node,1.1,1.92,362.01,18.4,pvc,383,638,19,,operational,231
PIPE-0300,pipe,2.77,4.02,1335.89,24.37,steel,2391,402,4,0.63,operational,175
PIPE-0301,pipe,2.71,4.41,1212.78,39.68,concrete,4029,567,15,0.52,operational,39
NODE-0302,node,1.86,2.63,546.43,16.57,concrete,579,493,16,,offline,231
PIPE-0303,pipe,3.91,4.56,1019.61,18.0,steel,1897,599,12,0.53,leak,163
PIPE-0304,pipe,1.33,2.31,1133.35,20.76,steel,2980,591,18,0.21,leak,107
NODE-0305,node,2.4,3.16,153.15,11.69,pvc,263,549,15,,active,243
NODE-0306,node,3.71,4.51,282.69,31.51,concrete,587,32,4,,operational,331
PIPE-0307,pipe,3.21,4.98,1304.94,38.82,concrete,3340,610,3,0.5,offline,95
PIPE-0308,pipe,3.92,5.52,711.62,29.18,copper,2699,188,17,1.04,operational,186
NODE-0309,node,1.28,2.66,345.49,19.2,concrete,1143,191,0,,operational,278
NODE-0310,node,3.48,5.14,894.48,15.46,concrete,1909,664,18,,active,135
NODE-0311,node,0.99,2.61,433.19,39.47,pvc,826,696,20,,offline,182
NODE-0312,node,0.54,1.35,1070.45,20.51,steel,110,59,12,,maintenance,365
NODE-0313,node,3.89,5.72,790.31,21.36,copper,930,500,18,,leak,231
PIPE-0314,pipe,2.08,3.78,146.78,10.6,concrete,957,85,10,0.26,maintenance,313
PIPE-0315,pipe,3.06,4.38,1357.37,12.79,copper,353,451,20,0.25,maintenance,277
PIPE-0316,pipe,0.69,1.69,1464.16,22.28,concrete,2406,314,7,0.14,maintenance,183
NODE-0317,node,1.04,2.08,698.65,18.84,copper,1735,109,0,,leak,268
PIPE-0318,pipe,2.73,4.7,763.0,13.47,copper,3957,510,8,0.14,operational,62
NODE-0319,node,1.15,2.98,617.16,23.37,concrete,3702,486,8,,leak,87
NODE-0320,node,2.47,3.2,1075.06,12.9,concrete,4535,433,18,,leak,52
PIPE-0321,pipe,3.44,5.17,686.08,26.07,copper,4791,251,15,0.45,maintenance,77
PIPE-0322,pipe,2.26,4.11,1220.63,30.33,pvc,1085,469,5,1.42,leak,226
PIPE-0323,pipe,3.33,4.02,692.72,39.65,copper,1754,652,4,1.25,offline,136
NODE-0324,node,3.69,5.56,193.82,21.64,copper,4622,343,8,,operational,97
NODE-0325,node,3.71,4.23,1080.58,27.63,copper,1021,434,4,,leak,213
PIPE-0326,pipe,3.74,5.08,241.39,18.58,concrete,3466,280,12,0.98,operational,118
NODE-0327,node,0.63,1.54,301.39,28.26,copper,417,415,10,,leak,279
PIPE-0328,pipe,3.11,4.99,1355.84,10.61,concrete,2647,297,15,1.29,active,185
PIPE-0329,pipe,0.97,2.93,720.35,34.77,concrete,3514,629,20,0.13,maintenance,74
PIPE-0330,pipe,3.7,4.81,778.24,25.5,concrete,560,537,5,0.1,operational,239
NODE-0331,node,0.97,2.75,1331.07,10.87,pvc,1744,69,7,,active,265
NODE-0332,node,0.68,1.72,378.75,21.05,copper,4237,416,20,,active,58
PIPE-0333,pipe,1.35,2.58,724.54,38.82,copper,4907,574,11,0.52,offline,31
PIPE-0334,pipe,1.5,2.58,328.07,27.17,pvc,1913,672,7,1.02,offline,126
NODE-0335,node,2.3,4.1,1453.99,30.47,copper,1183,672,5,,operational,186
PIPE-0336,pipe,1.28,2.69,1420.21,31.38,concrete,3571,395,11,0.69,leak,106
NODE-0337,node,1.56,2.84,973.05,27.53,steel,4290,688,11,,operational,18
NODE-0338,node,1.54,2.2,189.37,39.65,concrete,2368,277,20,,offline,188
PIPE-0339,pipe,1.02,2.67,1359.56,34.16,copper,2718,707,4,1.08,maintenance,95
NODE-0340,node,1.41,2.54,643.58,11.06,pvc,2911,237,17,,maintenance,165
NODE-0341,node,2.28,4.05,1276.89,36.29,pvc,2506,109,15,,leak,207
NODE-0342,node,3.04,4.38,1377.67,38.41,concrete,831,237,11,,leak,280
NODE-0343,node,1.97,3.8,620.36,27.57,copper,1064,491,1,,operational,217
PIPE-0344,pipe,2.15,2.94,267.74,30.42,concrete,3484,65,4,0.21,leak,171
NODE-0345,node,1.93,3.28,1369.27,23.73,concrete,1577,92,15,,offline,262
PIPE-0346,pipe,1.6,2.19,732.87,16.28,pvc,4820,172,15,1.18,active,93
PIPE-0347,pipe,2.65,4.1,664.75,38.96,copper,138,48,17,0.3,offline,329
PIPE-0348,pipe,3.62,5.26,843.45,10.54,steel,2138,241,11,0.47,active,190
NODE-0349,node,2.26,3.22,191.4,11.37,concrete,3834,542,19,,operational,56
NODE-0350,node,2.02,3.55,287.31,39.88,copper,3042,202,5,,maintenance,170
PIPE-0351,pipe,1.3,2.89,283.69,32.02,pvc,1108,385,20,1.19,maintenance,237
NODE-0352,node,3.2,4.63,931.49,11.44,steel,261,59,3,,maintenance,363
NODE-0353,node,1.83,3.15,764.15,14.59,steel,2566,440,3,,operational,161
NODE-0354,node,2.68,4.23,686.36,36.96,steel,2415,126,3,,maintenance,218
PIPE-0355,pipe,2.63,4.3,1264.1,39.19,concrete,3456,312,5,0.06,maintenance,131
PIPE-0356,pipe,2.91,4.13,428.31,10.38,steel,1004,597,15,0.22,active,181
PIPE-0357,pipe,3.03,3.68,458.25,16.93,concrete,2263,485,1,0.15,leak,155
PIPE-0358,pipe,3.48,4.52,1047.47,22.78,steel,878,56,0,1.28,leak,307
NODE-0359,node,1.75,2.91,970.53,36.35,steel,3152,360,5,,active,140
NODE-0360,node,1.9,3.08,1269.99,30.7,copper,3554,674,5,,active,42
PIPE-0361,pipe,2.94,3.53,1419.45,14.78,copper,4939,504,18,1.02,leak,37
NODE-0362,node,3.23,4.65,1307.61,36.4,pvc,4057,509,3,,maintenance,84
NODE-0363,node,0.66,1.55,539.93,31.14,pvc,2871,541,16,,operational,113
PIPE-0364,pipe,2.01,3.6,774.7,29.91,copper,1317,581,19,0.08,leak,190
NODE-0365,node,3.48,5.28,204.81,24.75,pvc,2810,294,1,,operational,177
PIPE-0366,pipe,2.43,3.5,1243.94,12.36,copper,4794,468,2,1.28,maintenance,27
NODE-0367,node,0.92,2.17,1014.72,13.08,copper,393,580,17,,active,233
PIPE-0368,pipe,3.27,5.21,992.55,36.7,pvc,3837,359,11,1.24,leak,103
NODE-0369,node,1.66,3.31,939.93,31.5,concrete,3807,126,3,,leak,151
PIPE-0370,pipe,1.69,3.43,1450.21,18.76,concrete,970,56,5,0.74,maintenance,295
PIPE-0371,pipe,1.39,2.18,269.04,35.57,pvc,3844,205,10,0.16,maintenance,132
PIPE-0372,pipe,3.74,5.5,924.34,33.16,copper,3846,684,18,1.43,leak,44
NODE-0373,node,0.52,2.12,874.52,22.98,copper,4264,191,18,,leak,135
PIPE-0374,pipe,0.86,2.35,948.63,19.66,copper,3529,633,7,0.41,offline,77
NODE-0375,node,2.08,2.78,677.84,31.0,concrete,4587,331,17,,leak,102
PIPE-0376,pipe,1.23,2.8,1061.26,37.64,pvc,1556,525,17,1.04,offline,172
PIPE-0377,pipe,3.16,4.5,915.93,38.28,copper,4473,302,13,1.21,operational,95
PIPE-0378,pipe,0.59,1.31,1038.36,16.0,pvc,2447,709,8,0.22,active,104
NODE-0379,node,1.21,2.52,602.16,23.58,pvc,4697,408,7,,operational,82
NODE-0380,node,2.93,3.5,634.22,22.5,concrete,4623,65,0,,offline,109
PIPE-0381,pipe,2.67,4.34,1318.17,34.9,concrete,4920,569,19,0.29,leak,18
NODE-0382,node,2.07,4.05,204.26,38.87,steel,3190,51,13,,offline,188
NODE-0383,node,0.96,2.34,457.02,19.92,pvc,427,167,10,,operational,280
PIPE-0384,pipe,3.21,4.65,1280.4,19.03,concrete,697,335,16,0.33,leak,257
PIPE-0385,pipe,3.25,3.99,860.31,22.1,concrete,1912,228,10,0.5,offline,214
PIPE-0386,pipe,3.83,5.26,764.8,26.84,steel,1039,694,11,0.67,operational,178
PIPE-0387,pipe,3.86,5.38,549.31,37.48,steel,3261,272,17,1.09,active,153
NODE-0388,node,2.3,3.56,781.53,18.89,pvc,2724,536,2,,active,150
PIPE-0389,pipe,3.9,5.56,846.49,28.81,pvc,1846,711,13,1.25,leak,145
NODE-0390,node,2.76,4.67,1145.65,14.61,copper,2817,48,2,,active,208
PIPE-0391,pipe,1.12,2.0,198.62,34.65,concrete,3439,407,14,0.95,maintenance,100
NODE-0392,node,0.56,2.07,848.77,29.24,steel,4897,56,2,,offline,117
PIPE-0393,pipe,1.51,3.04,949.19,18.45,copper,3224,414,0,0.71,operational,103
PIPE-0394,pipe,0.98,2.07,1216.48,26.37,pvc,2541,703,20,0.56,active,125
PIPE-0395,pipe,0.93,1.44,935.32,26.11,steel,2596,225,11,0.32,operational,208
PIPE-0396,pipe,1.06,1.89,1268.65,15.83,pvc,4747,65,17,0.69,operational,108
PIPE-0397,pipe,1.52,2.12,237.48,31.77,copper,2810,375,4,1.01,leak,125
PIPE-0398,pipe,1.5,2.1,370.9,24.58,concrete,2604,720,18,0.23,operational,111
NODE-0399,node,3.33,5.27,336.1,19.4,pvc,3672,293,11,,leak,123
NODE-0400,node,3.57,4.76,602.24,19.16,steel,1539,671,19,,active,173
NODE-0401,node,3.51,4.22,854.07,17.9,steel,717,29,16,,active,302
NODE-0402,node,3.19,4.01,151.32,17.82,copper,1317,384,12,,leak,216
NODE-0403,node,0.97,2.22,226.78,20.92,steel,2056,638,5,,operational,136
PIPE-0404,pipe,2.06,2.83,1428.2,29.78,pvc,4060,377,1,0.33,maintenance,87
PIPE-0405,pipe,0.72,1.77,159.93,16.2,concrete,3279,490,14,1.32,active,98
NODE-0406,node,0.86,2.81,986.99,18.2,concrete,4840,567,18,,leak,39
NODE-0407,node,2.79,3.84,1014.67,35.06,concrete,3182,238,16,,maintenance,143
NODE-0408,node,3.36,4.38,1209.72,36.62,steel,4211,152,14,,leak,123
PIPE-0409,pipe,0.77,2.24,396.12,15.61,concrete,1069,686,7,0.62,offline,176
PIPE-0410,pipe,2.19,3.41,394.99,14.84,copper,283,259,1,0.19,operational,307
PIPE-0411,pipe,0.97,2.24,1347.12,14.41,pvc,2215,194,16,1.44,operational,227
PIPE-0412,pipe,3.57,5.16,1249.82,38.42,pvc,3779,631,15,1.3,leak,35
PIPE-0413,pipe,3.41,4.81,1212.46,34.61,pvc,4284,280,5,1.09,offline,72
NODE-0414,node,2.59,3.19,629.5,13.97,steel,1757,545,16,,maintenance,188
PIPE-0415,pipe,2.62,3.39,1362.25,27.99,steel,863,503,4,1.35,operational,226
PIPE-0416,pipe,3.64,5.3,1008.92,25.66,concrete,455,724,16,0.64,maintenance,188
NODE-0417,node,1.73,3.44,1371.0,35.12,steel,3585,147,8,,maintenance,180
PIPE-0418,pipe,3.69,4.32,937.61,26.31,concrete,1648,15,0,0.87,active,281
PIPE-0419,pipe,1.81,2.62,1226.0,22.27,steel,1367,446,20,0.88,offline,225
NODE-0420,node,2.48,3.9,1488.52,21.92,pvc,3485,575,17,,maintenance,77
PIPE-0421,pipe,1.8,3.13,455.29,19.2,concrete,3361,151,3,1.12,maintenance,197
PIPE-0422,pipe,0.85,2.11,1200.51,34.03,steel,1416,408,20,0.01,active,240
PIPE-0423,pipe,2.15,3.55,223.4,17.89,concrete,755,633,1,1.09,maintenance,199
NODE-0424,node,2.99,4.39,1424.0,34.61,copper,3696,20,6,,operational,191
NODE-0425,node,1.18,2.86,814.77,30.95,pvc,395,378,7,,active,280
PIPE-0426,pipe,0.8,1.71,659.21,30.09,copper,4901,215,16,0.02,active,97
PIPE-0427,pipe,2.42,4.01,882.76,27.49,concrete,2365,241,19,1.44,maintenance,185
NODE-0428,node,2.51,3.4,669.99,13.19,steel,4221,311,10,,active,102
NODE-0429,node,3.57,5.29,904.85,30.83,copper,4713,505,7,,offline,45
NODE-0430,node,2.89,4.73,1306.83,24.46,concrete,653,401,20,,leak,227
PIPE-0431,pipe,3.3,4.42,594.33,26.07,concrete,2133,304,2,0.6,offline,182
PIPE-0432,pipe,2.44,3.21,539.42,16.56,concrete,1597,709,6,0.75,leak,115
PIPE-0433,pipe,3.07,4.88,389.49,16.08,pvc,3016,169,3,0.18,active,178
NODE-0434,node,2.65,4.3,858.06,11.27,copper,3140,645,10,,maintenance,89
NODE-0435,node,2.22,4.2,1382.41,18.41,pvc,4824,141,1,,operational,118
NODE-0436,node,2.17,3.48,803.47,21.81,pvc,3845,133,16,,maintenance,148
NODE-0437,node,2.91,3.43,395.05,27.43,concrete,3062,637,8,,leak,109
NODE-0438,node,1.33,2.54,958.32,20.98,copper,3572,225,13,,offline,122
NODE-0439,node,3.49,4.41,351.84,13.93,pvc,918,286,7,,operational,238
NODE-0440,node,3.5,4.29,1220.05,32.16,copper,179,190,13,,maintenance,319
PIPE-0441,pipe,3.98,5.75,823.81,31.62,copper,2557,266,17,1.29,active,190
NODE-0442,node,0.85,1.6,401.65,17.63,steel,3785,352,8,,offline,106
NODE-0443,node,2.46,4.36,460.8,10.6,steel,2976,705,19,,leak,45
PIPE-0444,pipe,3.93,4.86,555.13,25.31,copper,742,400,19,0.43,leak,247
PIPE-0445,pipe,2.74,4.63,690.54,28.37,copper,684,91,5,0.52,offline,294
NODE-0446,node,2.79,4.36,947.54,21.86,copper,3075,611,16,,maintenance,100
NODE-0447,node,1.09,2.87,275.06,17.04,concrete,755,225,5,,maintenance,288
PIPE-0448,pipe,0.83,2.74,762.46,11.61,copper,4392,95,3,0.39,leak,113
PIPE-0449,pipe,2.79,4.62,533.12,17.42,concrete,3730,651,4,0.2,leak,42
PIPE-0450,pipe,0.62,1.66,1381.38,35.93,copper,4528,288,17,0.67,operational,67
PIPE-0451,pipe,2.57,3.75,1148.48,36.32,copper,4388,665,20,0.8,offline,30
NODE-0452,node,2.39,4.1,718.6,20.97,concrete,1375,320,0,,active,247
PIPE-0453,pipe,1.7,2.9,111.64,37.66,copper,2554,19,13,1.2,operational,221
PIPE-0454,pipe,3.29,4.61,364.0,36.46,copper,3333,265,5,1.07,maintenance,153
NODE-0455,node,1.27,1.89,975.45,25.5,concrete,2432,674,17,,offline,103
NODE-0456,node,1.16,1.76,291.27,13.31,copper,3809,288,19,,maintenance,107
PIPE-0457,pipe,1.62,2.35,1457.6,10.66,steel,2411,285,4,1.07,active,187
PIPE-0458,pipe,0.82,1.34,404.06,22.61,copper,3142,484,1,0.5,leak,97
PIPE-0459,pipe,1.43,2.52,860.47,15.45,concrete,3225,22,3,1.46,leak,192
NODE-0460,node,3.2,4.36,1132.67,11.01,copper,869,543,6,,maintenance,197
NODE-0461,node,2.89,3.86,552.29,28.87,steel,4602,543,3,,offline,59
NODE-0462,node,2.73,3.53,1342.53,35.91,pvc,1025,251,20,,maintenance,264
NODE-0463,node,0.55,2.24,918.58,21.87,pvc,173,53,18,,maintenance,337
PIPE-0464,pipe,1.8,2.43,320.78,12.74,concrete,591,71,11,0.97,operational,325
PIPE-0465,pipe,0.94,1.79,1474.35,33.66,concrete,3693,207,0,1.03,offline,139
PIPE-0466,pipe,1.38,1.94,1089.28,26.77,copper,1654,590,5,0.82,offline,162
NODE-0467,node,1.46,3.21,1380.26,26.64,steel,4451,168,14,,offline,119
NODE-0468,node,2.4,3.58,1186.29,25.18,pvc,253,644,11,,operational,236
PIPE-0469,pipe,1.62,2.22,1454.03,34.57,pvc,4393,709,15,1.15,leak,23
NODE-0470,node,1.63,3.09,254.65,25.7,steel,458,142,5,,active,307
PIPE-0471,pipe,0.87,1.66,144.54,29.25,copper,4113,548,19,1.05,offline,47
PIPE-0472,pipe,1.78,3.19,199.22,37.91,pvc,4125,91,14,1.2,active,107
NODE-0473,node,2.45,4.36,682.33,21.07,steel,2277,551,1,,active,120
NODE-0474,node,0.77,1.59,827.28,13.04,pvc,4455,404,6,,leak,83
PIPE-0475,pipe,2.5,4.42,881.79,26.74,steel,4823,376,14,1.05,maintenance,73
PIPE-0476,pipe,1.08,1.85,662.18,20.13,pvc,4473,624,14,1.4,offline,27
NODE-0477,node,3.46,4.58,986.54,34.78,concrete,2071,586,17,,leak,153
NODE-0478,node,3.18,5.07,455.72,38.85,copper,3352,10,1,,offline,200
PIPE-0479,pipe,2.31,4.3,522.58,19.01,pvc,1859,332,0,1.16,offline,253
PIPE-0480,pipe,0.83,2.02,318.55,17.95,pvc,2008,272,9,0.14,maintenance,227
PIPE-0481,pipe,3.07,4.66,1210.07,15.19,steel,4976,667,9,0.06,operational,29
NODE-0482,node,0.77,1.35,1179.26,20.44,copper,3512,133,7,,operational,150
PIPE-0483,pipe,2.72,4.17,175.78,25.73,concrete,4523,588,4,0.49,leak,7
PIPE-0484,pipe,0.68,2.28,650.04,23.37,steel,1919,452,9,1.18,leak,183
PIPE-0485,pipe,1.68,2.89,1143.44,26.44,concrete,796,418,16,0.65,leak,232
PIPE-0486,pipe,2.18,2.98,653.45,27.14,pvc,2085,83,8,1.17,offline,224
PIPE-0487,pipe,0.89,2.01,611.37,15.71,concrete,4965,681,0,1.15,leak,21
NODE-0488,node,2.66,4.65,719.09,14.37,steel,2012,214,11,,leak,207
PIPE-0489,pipe,0.89,1.47,1428.52,37.8,concrete,212,361,3,0.46,maintenance,308
PIPE-0490,pipe,1.66,3.27,396.63,26.39,concrete,4595,504,19,1.09,leak,49
PIPE-0491,pipe,1.82,3.68,837.52,17.66,steel,2426,215,19,0.41,maintenance,201
PIPE-0492,pipe,0.73,2.22,1028.17,37.39,concrete,983,29,9,1.3,maintenance,333
PIPE-0493,pipe,3.93,5.19,1093.56,37.12,copper,4991,554,2,0.28,operational,31
NODE-0494,node,2.46,4.03,155.65,37.67,concrete,2832,511,12,,leak,110
PIPE-0495,pipe,1.71,2.74,975.32,17.09,concrete,607,650,8,1.32,active,227
NODE-0496,node,1.29,2.3,649.99,14.12,copper,4365,704,19,,leak,38
NODE-0497,node,1.34,2.07,1458.75,37.29,concrete,3779,565,4,,leak,49
PIPE-0498,pipe,2.53,4.06,383.23,14.14,pvc,3623,158,20,1.4,leak,151
NODE-0499,node,0.74,2.04,1107.22,15.52,pvc,341,336,13,,maintenance,268
NODE-0500,node,2.05,3.95,1351.78,38.0,concrete,1344,202,3,,leak,238
PIPE-0501,pipe,0.59,2.57,963.73,28.17,pvc,4985,247,7,1.03,offline,80
PIPE-0502,pipe,2.91,4.12,803.25,28.14,concrete,1607,406,15,0.71,leak,232
PIPE-0503,pipe,1.29,2.4,1456.34,37.76,copper,1923,697,6,1.14,active,110
PIPE-0504,pipe,3.74,5.72,1313.98,24.7,concrete,3848,262,13,0.61,active,129
NODE-0505,node,3.02,4.11,1414.79,27.16,steel,4365,121,14,,maintenance,114
PIPE-0506,pipe,3.57,4.44,853.02,39.51,steel,4668,406,16,1.15,active,44
PIPE-0507,pipe,1.52,2.62,526.38,34.83,copper,1463,442,9,0.92,active,196
PIPE-0508,pipe,2.12,3.59,226.62,25.02,pvc,4895,722,17,0.2,maintenance,18
NODE-0509,node,2.08,2.85,926.44,31.38,pvc,3824,102,8,,offline,154
PIPE-0510,pipe,3.01,3.7,259.83,23.48,concrete,798,546,12,1.09,operational,205
PIPE-0511,pipe,1.83,2.9,1175.56,37.37,pvc,1428,158,5,1.15,active,267
NODE-0512,node,1.58,3.18,1445.35,18.66,pvc,1063,144,6,,active,284
NODE-0513,node,0.54,1.79,798.1,34.22,copper,2048,232,18,,maintenance,214
NODE-0514,node,1.94,2.56,940.14,17.34,concrete,4667,222,1,,leak,75
PIPE-0515,pipe,0.69,1.71,303.52,10.97,concrete,2812,99,1,0.16,leak,198
PIPE-0516,pipe,2.85,4.27,1068.12,27.85,pvc,3830,602,11,1.4,active,65
NODE-0517,node,1.63,3.48,1248.37,32.75,steel,2498,492,4,,active,150
NODE-0518,node,1.65,2.77,393.78,16.27,steel,995,595,20,,operational,183
PIPE-0519,pipe,2.19,3.72,1407.45,39.59,concrete,3598,633,10,0.39,operational,61
NODE-0520,node,3.74,5.16,794.96,31.88,copper,4134,194,19,,leak,132
NODE-0521,node,3.93,4.43,133.58,28.76,steel,1798,640,13,,maintenance,123
PIPE-0522,pipe,1.67,3.01,992.5,10.34,pvc,2407,270,2,0.46,operational,199
NODE-0523,node,3.18,3.85,566.6,21.88,steel,1538,208,10,,offline,239
NODE-0524,node,3.71,5.41,1003.91,24.44,copper,4498,353,14,,maintenance,79
PIPE-0525,pipe,3.42,4.37,1114.95,19.47,steel,1806,601,10,1.2,offline,144
PIPE-0526,pipe,3.89,4.81,143.64,39.51,pvc,4777,630,12,0.28,active,7
NODE-0527,node,2.97,3.94,144.28,22.42,copper,2046,390,14,,offline,161
PIPE-0528,pipe,2.34,3.1,623.9,11.12,pvc,858,464,16,0.04,maintenance,231
PIPE-0529,pipe,1.17,3.06,1125.42,25.71,concrete,1273,110,16,1.02,leak,283
PIPE-0530,pipe,3.04,4.23,1099.15,25.67,steel,2647,55,19,1.31,offline,209
NODE-0531,node,3.61,4.26,1172.65,32.37,steel,4831,329,20,,leak,68
NODE-0532,node,1.2,2.13,845.19,33.18,steel,2333,162,5,,offline,193
PIPE-0533,pipe,0.55,1.98,819.68,16.2,concrete,4600,336,8,0.21,offline,68
PIPE-0534,pipe,1.1,2.07,1349.14,26.22,steel,1165,39,15,1.35,active,282
PIPE-0535,pipe,1.84,2.47,648.68,31.14,copper,3013,329,10,1.23,operational,141
PIPE-0536,pipe,3.91,5.54,751.97,13.95,copper,896,476,9,1.03,maintenance,226
NODE-0537,node,1.31,2.15,1305.53,28.51,concrete,3311,197,10,,offline,149
NODE-0538,node,2.21,2.81,258.04,24.36,pvc,2412,366,19,,operational,167
PIPE-0539,pipe,2.28,3.39,1099.98,13.21,steel,2574,555,14,0.6,maintenance,141
PIPE-0540,pipe,2.67,3.99,1463.45,21.51,concrete,1805,720,18,0.65,maintenance,123
NODE-0541,node,2.41,3.26,1027.66,12.34,copper,1036,616,19,,maintenance,203
NODE-0542,node,2.44,4.17,346.64,38.68,steel,5000,121,19,,maintenance,75
NODE-0543,node,2.23,3.72,226.75,34.51,steel,1301,686,4,,maintenance,170
NODE-0544,node,1.86,3.23,373.93,30.45,concrete,2555,593,9,,maintenance,141
NODE-0545,node,3.97,5.34,956.09,25.31,pvc,2509,73,11,,operational,189
PIPE-0546,pipe,0.5,1.84,1470.17,13.29,concrete,355,250,13,1.05,maintenance,287
NODE-0547,node,2.99,4.1,709.27,16.34,pvc,3990,152,6,,operational,144
NODE-0548,node,3.45,4.49,684.13,18.65,pvc,1200,21,2,,active,298
PIPE-0549,pipe,3.02,4.25,711.43,39.71,steel,1224,667,13,1.29,operational,176
NODE-0550,node,2.68,3.86,693.77,34.6,copper,3010,241,5,,maintenance,158
PIPE-0551,pipe,2.52,4.29,431.45,25.05,copper,4574,600,11,0.05,active,31
NODE-0552,node,2.97,3.64,774.15,30.71,pvc,4412,296,14,,operational,84
PIPE-0553,pipe,2.33,3.75,443.32,28.92,steel,4517,603,9,0.92,offline,47
PIPE-0554,pipe,2.14,3.41,756.93,32.01,copper,2991,311,9,0.25,operational,157
NODE-0555,node,3.04,4.39,185.98,24.19,pvc,4792,62,9,,operational,119
PIPE-0556,pipe,1.5,2.12,807.83,35.54,concrete,2164,145,19,0.42,offline,222
PIPE-0557,pipe,3.1,4.51,1374.18,32.17,copper,3129,189,8,1.17,leak,165
NODE-0558,node,1.13,2.42,146.33,39.52,pvc,4978,167,15,,maintenance,78
NODE-0559,node,1.33,2.49,992.6,16.33,concrete,545,667,8,,active,210
PIPE-0560,pipe,1.09,2.19,521.91,32.38,pvc,3211,709,12,0.71,leak,58
NODE-0561,node,0.54,2.43,728.35,30.35,steel,897,554,20,,offline,215
NODE-0562,node,2.64,4.12,481.63,18.11,steel,2191,680,18,,maintenance,151
NODE-0563,node,3.21,4.83,1128.04,27.66,pvc,4359,355,5,,offline,90
PIPE-0564,pipe,2.85,4.6,116.75,12.93,steel,3753,369,7,1.09,offline,101
PIPE-0565,pipe,0.62,2.05,179.63,27.82,pvc,1097,132,2,1.28,leak,303
NODE-0566,node,2.8,4.65,892.5,39.01,steel,1609,269,9,,maintenance,226
PIPE-0567,pipe,2.74,4.62,486.94,22.81,concrete,2208,175,2,0.42,active,190
NODE-0568,node,1.86,3.85,461.53,34.38,pvc,3709,81,15,,leak,149
NODE-0569,node,1.12,2.36,301.42,33.06,pvc,970,462,8,,active,197
PIPE-0570,pipe,0.76,2.12,450.83,23.38,copper,1319,678,20,0.0,active,160
NODE-0571,node,1.43,2.98,1366.46,27.24,copper,4016,456,12,,active,74
PIPE-0572,pipe,0.51,2.44,1245.17,24.46,concrete,2831,708,9,0.6,active,108
NODE-0573,node,2.37,4.31,212.64,23.79,concrete,1763,190,17,,active,243
NODE-0574,node,2.81,3.76,646.15,13.2,concrete,4085,96,20,,maintenance,139
PIPE-0575,pipe,0.99,1.78,1107.63,27.79,copper,3284,74,17,0.97,maintenance,199
NODE-0576,node,3.88,4.4,575.0,20.13,steel,3421,131,6,,operational,135
NODE-0577,node,3.79,5.6,851.19,32.23,pvc,690,47,4,,maintenance,325
PIPE-0578,pipe,2.15,4.03,164.12,31.04,pvc,217,186,20,0.07,offline,329
PIPE-0579,pipe,2.1,2.86,927.46,34.53,steel,1035,519,19,1.2,leak,189
PIPE-0580,pipe,3.32,4.46,1236.13,39.47,copper,2756,133,18,0.82,offline,219
PIPE-0581,pipe,3.17,4.56,569.71,13.62,pvc,3500,182,11,0.83,maintenance,159
PIPE-0582,pipe,3.74,4.3,239.95,35.42,copper,1392,26,15,0.12,active,285
PIPE-0583,pipe,3.74,5.3,931.22,18.51,copper,1139,221,4,0.96,operational,274
NODE-0584,node,1.94,3.85,954.75,11.13,pvc,4195,636,2,,offline,64
NODE-0585,node,1.97,3.31,368.66,39.6,steel,3064,562,16,,leak,102
NODE-0586,node,3.2,4.69,487.0,15.81,pvc,3986,519,5,,leak,66
PIPE-0587,pipe,0.69,1.74,393.43,17.54,copper,454,116,1,1.39,leak,314
PIPE-0588,pipe,3.25,4.48,262.49,36.85,copper,4955,603,10,0.63,offline,18
PIPE-0589,pipe,3.23,4.22,237.29,32.13,pvc,3176,235,2,0.71,maintenance,172
PIPE-0590,pipe,3.62,4.34,1399.04,23.65,copper,3159,149,14,1.08,offline,167
NODE-0591,node,1.21,1.9,1069.09,11.79,pvc,1010,486,14,,maintenance,219
PIPE-0592,pipe,3.16,3.99,513.23,14.7,pvc,4835,576,7,0.13,operational,23
NODE-0593,node,3.52,4.34,762.88,23.88,steel,3607,262,7,,offline,140
NODE-0594,node,2.53,4.37,928.48,14.47,steel,3522,55,1,,maintenance,183
PIPE-0595,pipe,1.99,3.08,1233.6,30.9,steel,3806,517,7,0.12,active,87
NODE-0596,node,3.82,4.52,514.11,29.43,steel,230,501,9,,leak,247
NODE-0597,node,3.5,5.12,134.18,23.65,pvc,3420,199,11,,maintenance,151
PIPE-0598,pipe,3.51,4.12,1350.81,19.99,steel,2529,446,8,1.05,operational,136
PIPE-0599,pipe,3.26,3.88,1333.19,32.07,steel,4316,700,11,1.33,active,24
NODE-0600,node,1.78,3.21,611.8,15.26,steel,4693,219,4,,offline,93
PIPE-0601,pipe,2.39,3.86,1132.33,32.57,pvc,1946,338,11,1.35,operational,212
NODE-0602,node,1.47,2.07,583.32,24.59,steel,3951,554,17,,offline,45
NODE-0603,node,2.67,4.37,1423.51,34.26,steel,1642,478,2,,active,201
NODE-0604,node,3.64,4.57,1439.28,13.28,concrete,1017,723,4,,maintenance,191
PIPE-0605,pipe,3.56,4.84,978.19,18.8,pvc,3982,365,13,0.67,active,99
NODE-0606,node,1.16,1.69,1222.78,35.05,concrete,3472,602,10,,offline,100
NODE-0607,node,2.58,4.13,1278.67,23.36,concrete,4746,145,9,,leak,88
NODE-0608,node,1.29,2.35,503.4,35.37,pvc,2992,301,14,,leak,138
PIPE-0609,pipe,2.99,3.92,1462.49,35.18,pvc,1420,253,3,0.06,offline,218
PIPE-0610,pipe,2.04,3.09,387.22,31.21,concrete,2916,161,11,0.67,leak,210
NODE-0611,node,0.93,1.47,1403.5,33.06,copper,2723,169,0,,operational,205
NODE-0612,node,2.77,3.71,1354.37,39.09,pvc,4730,462,10,,active,37
NODE-0613,node,3.65,4.36,871.34,19.24,copper,1905,466,11,,active,181
NODE-0614,node,0.69,2.15,916.8,16.66,concrete,1703,33,2,,operational,258
NODE-0615,node,2.87,4.81,1466.18,21.83,copper,2703,627,19,,operational,141
PIPE-0616,pipe,3.68,4.72,307.12,35.61,concrete,3263,391,0,0.43,offline,125
NODE-0617,node,3.92,5.73,222.64,31.84,copper,3504,463,9,,leak,99
NODE-0618,node,3.05,4.17,1269.72,27.94,pvc,1802,320,15,,operational,221
NODE-0619,node,0.73,2.67,1158.56,12.65,copper,2339,434,5,,operational,170
NODE-0620,node,2.99,4.62,291.7,15.58,copper,2471,577,15,,active,130
NODE-0621,node,3.42,4.38,882.99,23.9,steel,120,167,8,,offline,315
NODE-0622,node,0.93,2.43,502.76,15.38,pvc,333,132,8,,maintenance,330
PIPE-0623,pipe,2.6,3.64,772.68,23.08,concrete,3999,720,3,0.56,operational,58
PIPE-0624,pipe,3.46,4.2,181.91,19.59,pvc,3027,177,1,0.41,maintenance,199
NODE-0625,node,0.67,1.61,994.53,12.3,pvc,1601,106,19,,leak,287
NODE-0626,node,3.55,5.29,1058.95,19.03,concrete,885,557,18,,offline,203
PIPE-0627,pipe,0.55,1.83,622.22,24.55,concrete,1435,114,6,0.23,leak,258
PIPE-0628,pipe,3.28,4.62,1065.51,38.57,steel,3518,481,2,0.17,leak,93
PIPE-0629,pipe,2.18,3.15,607.6,34.51,concrete,1510,321,0,1.12,active,226
PIPE-0630,pipe,0.95,2.49,1063.27,19.22,pvc,1166,90,13,1.04,active,305
PIPE-0631,pipe,0.57,1.8,703.75,15.89,steel,4306,617,1,0.7,offline,7
PIPE-0632,pipe,0.73,2.23,1156.37,33.47,pvc,4913,214,5,1.01,active,100
PIPE-0633,pipe,1.01,2.63,488.33,27.39,concrete,1415,522,19,0.36,operational,189
PIPE-0634,pipe,0.85,2.22,119.58,16.51,pvc,2408,185,17,0.01,active,202
PIPE-0635,pipe,3.72,5.5,764.6,30.94,pvc,3701,699,3,0.27,offline,26
NODE-0636,node,1.98,3.25,670.61,32.84,concrete,1112,487,3,,operational,189
PIPE-0637,pipe,2.24,3.28,503.58,31.66,steel,2787,515,3,0.58,maintenance,135
NODE-0638,node,2.9,4.66,416.22,22.22,copper,1646,81,15,,offline,268
PIPE-0639,pipe,0.54,2.05,1040.93,21.89,steel,1076,156,12,0.6,operational,262
PIPE-0640,pipe,3.1,4.94,336.21,20.91,pvc,2874,215,19,1.27,maintenance,160
PIPE-0641,pipe,1.32,2.46,798.75,32.94,concrete,3378,374,15,1.0,maintenance,118
NODE-0642,node,2.29,3.01,736.49,13.67,copper,4173,246,20,,leak,133
PIPE-0643,pipe,0.85,1.43,195.52,30.34,pvc,3234,629,10,0.23,operational,76
PIPE-0644,pipe,3.16,4.65,827.93,24.77,copper,1754,310,15,0.74,offline,194
NODE-0645,node,3.33,4.64,124.74,32.92,copper,1075,402,14,,offline,229
NODE-0646,node,2.05,2.6,347.62,29.78,concrete,1444,513,13,,leak,187
NODE-0647,node,3.01,4.24,253.13,30.25,copper,3998,585,5,,operational,9
PIPE-0648,pipe,1.87,3.11,1459.22,28.51,concrete,2430,338,1,0.04,active,177
PIPE-0649,pipe,3.43,4.45,1138.88,10.81,concrete,3217,109,13,0.52,offline,181
NODE-0650,node,1.73,3.22,446.66,29.44,steel,636,322,3,,offline,280
PIPE-0651,pipe,0.57,1.56,745.27,35.9,copper,2284,30,15,0.88,offline,272
NODE-0652,node,2.5,3.48,236.82,24.65,pvc,2852,518,16,,offline,136
PIPE-0653,pipe,2.65,3.7,710.39,24.91,steel,4489,229,9,0.4,offline,92
NODE-0654,node,3.32,4.76,1441.12,31.53,steel,4948,354,8,,active,32
NODE-0655,node,1.99,3.01,207.33,34.71,concrete,3646,689,17,,offline,84
PIPE-0656,pipe,1.95,2.83,821.52,30.15,pvc,252,652,16,1.29,operational,223
NODE-0657,node,1.25,3.19,1139.09,24.02,copper,4737,651,1,,operational,30
PIPE-0658,pipe,1.77,2.49,310.66,30.56,concrete,3666,430,10,1.29,active,96
PIPE-0659,pipe,3.46,4.36,501.86,14.82,pvc,3424,254,3,0.22,active,146
PIPE-0660,pipe,3.29,4.26,779.54,39.74,copper,403,216,5,0.41,active,300
NODE-0661,node,3.26,4.18,870.99,29.33,steel,4080,30,1,,active,147
NODE-0662,node,2.61,4.41,1360.8,22.21,concrete,839,416,4,,leak,233
PIPE-0663,pipe,2.5,3.75,268.9,29.93,concrete,4166,102,7,0.9,offline,137
NODE-0664,node,3.41,5.02,1228.18,32.32,copper,1885,157,3,,leak,232
PIPE-0665,pipe,3.89,5.05,456.03,27.68,copper,4470,393,3,0.47,maintenance,54
NODE-0666,node,2.89,4.83,1331.21,38.11,concrete,3993,386,9,,active,90
PIPE-0667,pipe,3.45,4.94,1417.19,30.72,pvc,2172,575,12,0.46,offline,139
PIPE-0668,pipe,2.37,3.22,719.36,10.24,copper,2193,318,2,1.4,leak,215
NODE-0669,node,1.24,3.08,1382.25,28.94,copper,377,290,2,,maintenance,250
NODE-0670,node,3.08,4.97,565.81,22.67,steel,1413,725,8,,operational,166
PIPE-0671,pipe,1.73,3.13,1238.8,32.13,copper,324,63,20,0.96,maintenance,355
PIPE-0672,pipe,0.51,1.31,527.77,27.27,steel,1392,265,16,1.07,leak,212
NODE-0673,node,3.27,4.25,769.71,32.06,concrete,1521,713,18,,offline,142
NODE-0674,node,1.2,2.32,354.64,36.29,pvc,269,33,17,,operational,341
PIPE-0675,pipe,3.67,5.63,377.57,31.04,pvc,507,420,19,0.64,offline,235
PIPE-0676,pipe,0.81,1.86,1426.14,13.52,copper,3816,699,15,0.18,leak,25
PIPE-0677,pipe,3.81,5.53,472.68,32.39,copper,1166,451,6,0.9,offline,201
PIPE-0678,pipe,1.96,3.07,304.32,18.71,concrete,2029,642,14,1.36,offline,162
NODE-0679,node,0.8,2.0,1320.02,39.23,copper,1838,402,13,,operational,208
NODE-0680,node,0.76,2.1,172.96,37.93,copper,3002,630,19,,active,108
PIPE-0681,pipe,1.39,2.82,523.51,21.84,concrete,1183,582,1,0.87,offline,200
PIPE-0682,pipe,2.26,4.16,1329.06,13.96,concrete,4445,453,4,0.39,offline,37
PIPE-0683,pipe,3.92,5.17,1462.72,18.43,concrete,3623,299,8,0.92,offline,118
NODE-0684,node,2.03,2.78,1131.62,24.74,pvc,4652,683,20,,maintenance,37
PIPE-0685,pipe,1.16,1.74,356.4,24.11,pvc,3926,456,3,1.49,maintenance,60
PIPE-0686,pipe,2.05,4.03,885.2,23.73,steel,1312,136,11,0.14,offline,283
PIPE-0687,pipe,3.42,5.04,1251.6,26.9,pvc,4880,14,16,1.15,leak,116
NODE-0688,node,3.72,4.59,797.36,12.83,concrete,312,301,3,,maintenance,285
NODE-0689,node,2.57,4.5,1271.77,14.61,steel,3870,685,15,,maintenance,45
NODE-0690,node,2.58,3.09,1457.68,29.69,copper,2761,592,4,,leak,115
PIPE-0691,pipe,3.31,4.23,1217.41,32.31,copper,858,418,8,0.27,maintenance,235
PIPE-0692,pipe,0.57,1.38,643.9,22.07,pvc,1087,315,15,1.2,offline,265
PIPE-0693,pipe,1.76,2.4,614.44,16.0,copper,3279,497,8,0.84,maintenance,87
PIPE-0694,pipe,3.15,4.87,959.41,23.02,copper,861,51,16,0.51,maintenance,321
PIPE-0695,pipe,2.77,4.34,1402.93,25.82,steel,2481,489,13,0.12,maintenance,152
NODE-0696,node,1.02,1.71,1364.07,35.25,copper,2520,592,1,,operational,117
PIPE-0697,pipe,3.71,4.98,814.91,22.39,copper,4756,269,11,0.38,active,79
PIPE-0698,pipe,0.9,2.39,351.37,15.47,copper,470,95,13,1.32,offline,305
NODE-0699,node,2.56,3.74,1038.36,28.71,concrete,2896,201,6,,leak,194
PIPE-0700,pipe,3.11,4.52,1320.26,13.19,steel,147,414,3,0.02,maintenance,274
NODE-0701,node,2.92,4.72,1452.13,28.06,copper,2580,643,19,,offline,101
NODE-0702,node,3.32,3.95,289.16,15.72,steel,1641,37,6,,maintenance,291
PIPE-0703,pipe,2.77,3.92,976.48,33.7,pvc,805,318,14,0.22,maintenance,252
PIPE-0704,pipe,0.91,2.76,1134.29,23.36,copper,3962,30,14,0.88,leak,140
NODE-0705,node,2.49,4.24,171.29,10.24,copper,3505,517,18,,operational,64
NODE-0706,node,0.63,1.73,818.7,31.74,copper,1999,72,16,,active,261
NODE-0707,node,2.52,3.85,474.99,29.45,copper,1057,516,19,,offline,191
NODE-0708,node,2.94,3.47,503.22,15.77,concrete,3689,247,16,,leak,158
NODE-0709,node,3.73,5.51,1101.28,24.05,concrete,3297,436,20,,offline,83
NODE-0710,node,3.3,5.07,970.58,18.47,steel,4055,142,5,,leak,160
PIPE-0711,pipe,2.62,3.27,682.38,39.81,concrete,2022,224,17,0.07,active,223
NODE-0712,node,3.58,4.62,322.05,34.84,steel,621,355,13,,active,262
PIPE-0713,pipe,0.92,1.76,460.95,20.21,concrete,482,580,8,1.34,operational,217
PIPE-0714,pipe,2.97,4.86,712.96,23.71,steel,967,635,19,1.17,active,195
PIPE-0715,pipe,2.28,3.03,265.28,16.16,concrete,1386,309,14,1.14,maintenance,235
PIPE-0716,pipe,1.04,2.09,1246.83,13.69,pvc,3697,435,0,0.37,maintenance,110
NODE-0717,node,1.5,2.26,472.42,31.46,copper,3054,654,7,,leak,84
NODE-0718,node,3.26,3.97,700.35,37.54,copper,4328,708,11,,active,32
NODE-0719,node,1.01,1.52,1228.75,38.31,steel,2871,332,12,,leak,151
NODE-0720,node,0.72,2.36,1024.25,29.24,steel,4358,312,13,,maintenance,86
NODE-0721,node,3.03,4.0,581.82,34.81,pvc,3409,466,20,,leak,106
NODE-0722,node,2.94,4.77,1194.19,22.14,pvc,2570,96,1,,operational,193
NODE-0723,node,1.86,3.44,1331.83,25.61,concrete,1850,105,16,,operational,232
NODE-0724,node,2.32,3.96,324.04,10.84,concrete,2077,321,13,,operational,209
PIPE-0725,pipe,3.06,4.82,463.66,25.22,steel,491,676,3,0.67,operational,208
PIPE-0726,pipe,2.09,4.06,1227.54,39.67,pvc,2969,316,9,1.0,operational,152
PIPE-0727,pipe,3.0,4.28,446.69,19.84,pvc,3059,475,3,0.22,maintenance,118
NODE-0728,node,0.79,1.38,1343.91,24.29,copper,739,388,16,,maintenance,257
NODE-0729,node,3.55,4.93,991.05,39.9,copper,3515,176,4,,operational,147
PIPE-0730,pipe,2.2,3.39,1455.24,25.4,steel,1841,476,15,0.05,leak,167
NODE-0731,node,3.73,4.41,1293.24,13.31,concrete,4783,306,1,,operational,67
PIPE-0732,pipe,0.91,1.87,624.24,18.82,steel,1270,155,18,0.63,offline,257
NODE-0733,node,1.25,2.98,784.31,13.67,concrete,653,55,13,,maintenance,328
NODE-0734,node,2.48,4.33,1193.89,24.26,pvc,1234,526,20,,maintenance,174
NODE-0735,node,2.84,3.56,1119.01,12.68,copper,3272,248,12,,offline,168
PIPE-0736,pipe,3.85,5.69,1130.28,29.38,pvc,303,595,20,1.19,offline,238
PIPE-0737,pipe,2.75,3.38,1437.24,26.26,steel,4771,544,6,1.13,operational,33
PIPE-0738,pipe,0.92,2.82,351.64,10.57,pvc,2109,603,14,0.13,operational,154
NODE-0739,node,1.91,2.48,1306.76,10.7,copper,1578,434,0,,operational,225
NODE-0740,node,1.84,2.48,1471.7,26.25,concrete,1279,197,8,,active,278
PIPE-0741,pipe,1.57,2.68,336.87,28.43,concrete,1586,37,1,0.45,active,252
NODE-0742,node,1.0,2.84,461.11,38.25,steel,524,217,7,,operational,277
PIPE-0743,pipe,2.23,3.86,639.07,13.45,steel,2707,485,17,0.61,maintenance,124
PIPE-0744,pipe,1.93,2.78,1340.62,18.07,steel,2117,578,20,1.18,offline,145
NODE-0745,node,2.06,3.83,800.61,33.49,pvc,3158,563,5,,leak,103
NODE-0746,node,3.86,5.19,158.51,34.38,concrete,1471,10,1,,maintenance,280
NODE-0747,node,2.59,4.35,632.21,20.54,pvc,4893,532,9,,active,32
PIPE-0748,pipe,3.09,4.43,520.89,21.86,steel,1244,579,8,1.32,leak,177
NODE-0749,node,3.59,5.51,989.24,39.39,copper,2336,261,10,,offline,188
PIPE-0750,pipe,2.11,3.51,122.22,30.76,steel,4003,14,0,1.01,maintenance,142
NODE-0751,node,3.17,4.48,1202.23,29.47,steel,4512,41,14,,active,119
NODE-0752,node,3.9,4.96,941.84,21.6,steel,1122,483,11,,leak,193
NODE-0753,node,0.53,2.14,1161.79,30.42,concrete,1668,102,19,,offline,248
PIPE-0754,pipe,1.32,2.56,608.2,18.42,pvc,158,210,20,0.59,offline,331
NODE-0755,node,1.1,1.89,1134.34,30.17,pvc,635,612,4,,active,198
PIPE-0756,pipe,1.41,2.76,419.15,25.69,concrete,1671,704,0,1.49,operational,181
NODE-0757,node,2.88,4.7,102.74,22.81,steel,2746,452,13,,offline,145
PIPE-0758,pipe,2.88,4.08,606.06,32.77,pvc,484,294,13,0.8,offline,285
PIPE-0759,pipe,1.87,2.87,1332.14,34.23,pvc,3571,86,7,0.3,offline,158
NODE-0760,node,0.72,2.16,139.02,22.96,steel,4954,651,10,,offline,40
PIPE-0761,pipe,0.88,1.74,577.12,11.63,concrete,4357,252,2,1.16,operational,90
NODE-0762,node,3.17,4.61,910.51,12.57,steel,373,396,10,,active,269
PIPE-0763,pipe,0.72,2.42,176.7,28.32,copper,638,114,1,0.84,offline,350
NODE-0764,node,1.91,3.34,675.55,35.94,steel,3814,403,14,,maintenance,94
PIPE-0765,pipe,1.69,3.6,1196.1,23.62,concrete,4915,207,3,0.15,operational,96
PIPE-0766,pipe,2.58,4.34,1366.12,13.78,concrete,3011,441,15,1.09,maintenance,117
PIPE-0767,pipe,1.35,3.05,184.69,19.35,copper,4303,677,11,0.47,operational,30
PIPE-0768,pipe,1.02,1.98,580.06,21.06,steel,4340,610,4,0.09,operational,56
PIPE-0769,pipe,1.98,2.77,380.52,37.26,steel,2897,203,15,1.04,maintenance,172
NODE-0770,node,3.48,4.83,569.92,18.99,concrete,1429,117,14,,active,298
NODE-0771,node,1.27,1.78,412.24,16.91,pvc,2058,502,10,,maintenance,173
PIPE-0772,pipe,1.9,3.64,109.42,10.3,concrete,345,578,3,0.21,maintenance,225
PIPE-0773,pipe,2.71,4.58,603.87,39.26,pvc,1720,300,5,0.33,offline,228
PIPE-0774,pipe,1.69,3.02,349.96,10.64,concrete,928,31,4,0.57,active,327
NODE-0775,node,3.78,4.74,436.21,34.28,pvc,4416,648,13,,active,39
PIPE-0776,pipe,1.01,2.9,1212.86,15.75,copper,3165,335,19,0.64,leak,117
PIPE-0777,pipe,3.17,4.55,1296.21,18.83,pvc,2784,263,1,0.94,offline,164
PIPE-0778,pipe,3.48,5.43,1340.17,16.28,steel,3955,689,19,0.1,operational,28
NODE-0779,node,3.13,4.6,812.82,24.96,copper,1566,339,11,,operational,219
NODE-0780,node,3.0,4.24,475.67,22.03,steel,1797,234,6,,maintenance,239
PIPE-0781,pipe,1.89,2.85,1344.19,27.14,concrete,2185,573,2,0.2,active,144
NODE-0782,node,2.06,3.09,917.55,23.96,concrete,3590,471,14,,maintenance,72
NODE-0783,node,1.79,3.04,482.23,10.74,copper,2015,281,20,,active,214
NODE-0784,node,3.66,4.6,802.47,26.4,steel,2364,243,3,,active,208
PIPE-0785,pipe,1.76,3.08,567.26,30.25,concrete,2579,709,8,0.29,operational,104
PIPE-0786,pipe,3.99,5.62,1135.75,37.37,steel,2553,298,11,1.17,maintenance,195
NODE-0787,node,3.38,5.02,116.65,29.62,pvc,3356,243,7,,leak,162
NODE-0788,node,1.32,2.7,873.66,24.06,copper,2890,97,10,,leak,208
NODE-0789,node,3.2,4.75,393.42,23.5,steel,3169,152,18,,leak,176
NODE-0790,node,3.8,4.31,1234.56,35.03,concrete,1947,439,13,,maintenance,157
NODE-0791,node,1.64,2.17,1199.5,37.66,pvc,2805,591,20,,operational,113
NODE-0792,node,3.93,4.74,646.89,26.03,pvc,3989,121,10,,operational,145
NODE-0793,node,2.74,3.7,339.99,30.25,pvc,362,715,19,,maintenance,208
PIPE-0794,pipe,1.15,1.75,1448.19,18.51,pvc,2484,685,16,0.1,active,85
NODE-0795,node,2.31,3.07,1303.59,22.33,pvc,1007,142,17,,maintenance,271
NODE-0796,node,3.1,4.18,1365.02,16.19,pvc,2637,452,15,,leak,159
NODE-0797,node,2.56,3.81,1058.77,18.26,steel,1268,466,2,,maintenance,209
PIPE-0798,pipe,2.34,4.21,1330.94,23.81,steel,846,304,20,1.32,maintenance,273
NODE-0799,node,2.95,4.52,516.43,28.39,pvc,3500,265,5,,operational,137
NODE-0800,node,2.1,3.97,356.82,27.06,copper,457,255,5,,offline,292
NODE-0801,node,2.83,3.43,1117.15,37.07,copper,3469,576,3,,offline,91
PIPE-0802,pipe,3.14,4.4,1191.31,22.3,pvc,2170,222,16,0.07,active,206
PIPE-0803,pipe,2.74,4.25,746.67,20.31,copper,1692,416,1,0.02,active,199
PIPE-0804,pipe,1.64,3.26,778.66,12.05,pvc,3685,153,15,1.23,leak,145
PIPE-0805,pipe,3.43,4.84,348.13,13.72,copper,1479,89,0,1.02,leak,269
NODE-0806,node,1.75,2.58,148.22,30.25,pvc,3721,723,1,,operational,31
PIPE-0807,pipe,1.87,2.83,173.38,10.14,copper,1752,265,11,1.36,leak,228
PIPE-0808,pipe,0.56,1.1,120.38,34.62,steel,1906,108,5,1.09,active,242
NODE-0809,node,2.29,4.01,551.75,28.8,pvc,4537,414,13,,active,75
PIPE-0810,pipe,1.25,2.28,343.07,22.06,concrete,198,408,6,0.69,active,262
NODE-0811,node,2.77,3.82,194.26,16.56,concrete,4192,114,17,,operational,132
PIPE-0812,pipe,1.38,2.02,554.1,28.93,copper,1188,350,5,0.95,offline,230
NODE-0813,node,0.74,1.27,1376.94,23.47,pvc,4224,611,0,,leak,53
PIPE-0814,pipe,2.66,4.51,532.39,32.14,pvc,750,71,4,0.56,offline,316
PIPE-0815,pipe,1.03,1.84,153.07,37.7,copper,2792,147,8,0.48,active,212
NODE-0816,node,2.77,3.7,133.17,35.41,concrete,2907,258,6,,operational,147
PIPE-0817,pipe,3.67,5.17,447.67,30.62,pvc,3225,543,10,0.28,active,100
PIPE-0818,pipe,3.54,4.14,369.45,29.03,pvc,1772,138,2,0.26,operational,263
PIPE-0819,pipe,1.33,1.95,1114.98,19.34,pvc,2106,444,5,0.91,offline,173
NODE-0820,node,2.52,4.47,381.96,35.87,copper,755,378,12,,maintenance,268
PIPE-0821,pipe,2.15,3.28,953.15,23.0,pvc,4048,30,12,0.64,active,150
NODE-0822,node,2.58,3.31,1117.31,17.72,copper,2605,474,9,,maintenance,162
NODE-0823,node,0.75,1.45,756.96,14.64,pvc,134,23,16,,offline,389
NODE-0824,node,1.92,3.04,652.51,32.27,copper,4110,325,20,,operational,90
PIPE-0825,pipe,1.93,2.49,1390.24,21.54,pvc,1691,456,8,1.16,offline,184
NODE-0826,node,2.72,3.77,180.79,21.56,copper,2121,258,15,,active,229
NODE-0827,node,2.71,4.22,1076.46,29.36,concrete,3831,707,4,,offline,56
PIPE-0828,pipe,2.61,4.54,1278.12,10.37,steel,3248,417,18,1.46,active,113
PIPE-0829,pipe,3.57,4.32,697.62,30.76,copper,4901,325,13,1.13,active,49
PIPE-0830,pipe,2.73,4.4,582.15,14.28,pvc,3360,725,9,0.01,leak,48
NODE-0831,node,0.51,1.11,1074.84,25.75,concrete,3630,184,5,,offline,128
PIPE-0832,pipe,2.96,3.76,354.78,38.45,copper,4745,227,5,0.3,leak,70
PIPE-0833,pipe,1.41,3.26,672.31,28.81,steel,1460,91,9,0.13,active,259
NODE-0834,node,0.72,1.26,428.69,24.56,steel,177,72,8,,active,332
PIPE-0835,pipe,0.84,2.12,110.17,28.09,concrete,4080,494,10,0.91,offline,63
NODE-0836,node,2.89,3.9,541.31,17.19,concrete,3364,397,19,,active,121
NODE-0837,node,3.56,5.27,104.32,36.12,copper,1237,36,19,,active,320
NODE-0838,node,3.83,5.46,447.95,23.56,copper,4318,433,6,,active,50
NODE-0839,node,0.56,1.6,164.06,34.23,concrete,3739,249,19,,maintenance,144
NODE-0840,node,3.09,4.78,587.67,38.17,copper,922,404,9,,operational,236
PIPE-0841,pipe,2.99,4.79,1326.73,33.55,steel,1147,519,2,0.45,operational,205
NODE-0842,node,1.09,2.26,261.95,29.88,pvc,2093,226,5,,active,226
PIPE-0843,pipe,2.02,3.59,324.33,37.87,copper,2396,235,8,1.0,active,183
PIPE-0844,pipe,3.73,5.18,788.74,33.87,concrete,1933,599,19,0.1,offline,155
NODE-0845,node,3.69,5.3,1115.04,29.62,copper,2011,238,8,,active,220
NODE-0846,node,0.81,1.44,1136.81,38.12,steel,4792,386,4,,offline,56
NODE-0847,node,2.52,3.02,186.64,26.07,copper,3570,337,11,,leak,124
PIPE-0848,pipe,0.87,1.38,1293.31,19.48,concrete,1893,521,14,0.22,offline,203
PIPE-0849,pipe,3.11,4.88,1258.85,11.03,concrete,2630,524,3,0.41,operational,121
NODE-0850,node,2.71,3.53,508.09,38.99,steel,2829,166,6,,leak,184
PIPE-0851,pipe,3.73,5.39,1299.49,31.82,concrete,1404,32,17,0.59,maintenance,280
NODE-0852,node,3.97,5.61,647.49,25.84,concrete,2413,723,6,,operational,93
NODE-0853,node,0.84,1.83,1207.79,35.98,steel,2590,478,20,,leak,132
PIPE-0854,pipe,2.05,3.27,1356.11,16.29,pvc,174,380,18,0.15,leak,298
NODE-0855,node,3.83,4.97,1278.32,37.78,steel,3012,495,5,,active,137
PIPE-0856,pipe,3.93,5.41,930.75,39.09,copper,2107,44,3,0.36,maintenance,244
NODE-0857,node,2.91,4.84,1013.92,21.26,steel,3898,675,12,,offline,24
NODE-0858,node,1.79,2.47,215.69,24.68,pvc,288,610,18,,operational,236
NODE-0859,node,1.46,3.08,1212.08,15.43,copper,3652,315,18,,leak,112
PIPE-0860,pipe,1.64,3.21,1307.09,26.13,copper,261,413,17,1.23,operational,279
NODE-0861,node,0.72,2.48,854.57,34.56,steel,1799,684,3,,leak,143
PIPE-0862,pipe,0.52,1.69,540.01,11.17,pvc,1420,99,17,0.39,active,253
PIPE-0863,pipe,3.93,5.19,608.98,26.33,copper,100,264,9,0.07,operational,331
NODE-0864,node,2.81,3.98,907.9,30.85,concrete,4509,532,6,,active,60
PIPE-0865,pipe,1.33,2.11,519.59,34.98,pvc,4622,231,18,0.54,leak,79
NODE-0866,node,0.76,1.64,634.5,37.11,copper,3836,95,8,,maintenance,150
PIPE-0867,pipe,2.38,2.99,1125.74,39.86,pvc,3148,587,20,1.23,operational,95
PIPE-0868,pipe,1.97,2.7,1489.43,23.01,steel,2127,89,8,0.19,active,247
NODE-0869,node,0.73,2.19,607.95,20.01,concrete,1298,241,8,,active,262
PIPE-0870,pipe,1.82,3.77,630.09,13.15,steel,1539,549,9,0.88,maintenance,210
PIPE-0871,pipe,2.35,3.9,1311.56,26.55,steel,492,184,10,1.42,maintenance,303
PIPE-0872,pipe,1.71,3.32,1455.2,25.95,copper,4006,616,4,0.39,operational,31
PIPE-0873,pipe,2.8,3.51,894.59,18.02,concrete,2140,704,19,0.63,maintenance,98
PIPE-0874,pipe,2.04,3.07,756.13,18.6,copper,4364,244,9,0.95,active,89
NODE-0875,node,1.92,2.89,226.2,12.38,pvc,867,179,18,,active,287
PIPE-0876,pipe,3.1,4.43,789.99,36.23,copper,4267,149,15,0.75,operational,149
PIPE-0877,pipe,1.92,3.34,1375.24,32.38,copper,4477,363,7,1.49,operational,63
PIPE-0878,pipe,2.63,4.58,1044.33,36.46,pvc,1532,86,11,1.26,operational,275
NODE-0879,node,3.83,4.96,630.73,21.2,steel,2868,705,7,,operational,81
PIPE-0880,pipe,1.52,2.74,470.65,10.07,copper,1881,322,20,0.77,active,224
NODE-0881,node,3.62,5.39,180.5,10.18,copper,2791,315,11,,active,200
PIPE-0882,pipe,1.72,3.3,662.9,10.27,copper,4130,212,2,0.79,leak,110
NODE-0883,node,0.93,2.16,317.88,29.7,pvc,3955,414,11,,offline,79
NODE-0884,node,2.0,2.77,1236.16,13.26,copper,3699,175,4,,offline,161
NODE-0885,node,0.52,2.35,1092.91,13.32,concrete,429,146,12,,maintenance,325
NODE-0886,node,3.65,4.39,378.59,24.38,concrete,1073,441,15,,operational,251
NODE-0887,node,3.3,4.87,554.84,32.93,copper,4211,408,4,,active,82
PIPE-0888,pipe,3.27,3.96,581.77,10.41,pvc,526,704,10,0.64,operational,194
PIPE-0889,pipe,2.02,2.95,780.3,32.83,pvc,1349,533,5,0.37,active,200
NODE-0890,node,3.98,4.85,1248.85,15.95,steel,4215,635,5,,leak,46
PIPE-0891,pipe,1.3,2.0,153.71,39.71,pvc,3592,28,19,0.3,active,193
NODE-0892,node,1.93,2.89,986.63,16.94,concrete,3590,500,1,,operational,93
NODE-0893,node,2.75,3.71,476.94,18.42,concrete,3524,262,10,,active,153
PIPE-0894,pipe,0.64,1.22,1142.66,16.36,copper,2395,631,3,0.65,offline,137
NODE-0895,node,1.77,2.73,235.64,10.41,pvc,2813,379,11,,operational,170
NODE-0896,node,1.33,2.24,918.06,12.62,steel,1168,654,19,,active,186
PIPE-0897,pipe,2.55,4.42,1016.1,15.71,copper,908,86,17,0.93,offline,301
NODE-0898,node,3.96,4.76,1109.08,11.31,pvc,3525,573,8,,operational,77
NODE-0899,node,3.63,4.8,1104.26,37.33,steel,4055,439,16,,operational,94
PIPE-0900,pipe,1.08,1.99,1454.48,18.69,steel,1658,417,15,1.03,operational,188
PIPE-0901,pipe,1.08,2.71,637.81,33.38,copper,2324,221,5,0.01,operational,210
PIPE-0902,pipe,2.57,3.08,1400.08,25.38,concrete,2585,235,9,1.06,operational,184
PIPE-0903,pipe,1.1,1.67,433.5,11.17,pvc,2375,146,8,1.31,active,218
PIPE-0904,pipe,3.96,4.77,262.66,29.46,concrete,2758,95,17,0.4,leak,228
NODE-0905,node,3.64,4.58,1479.37,28.78,steel,3012,234,8,,leak,171
NODE-0906,node,3.9,5.21,1470.27,33.35,steel,3229,679,8,,operational,69
PIPE-0907,pipe,3.36,4.19,476.31,27.45,copper,1375,466,7,1.09,maintenance,184
NODE-0908,node,1.02,2.24,794.35,23.78,pvc,1647,593,15,,leak,176
NODE-0909,node,0.57,1.31,348.83,21.83,pvc,668,156,2,,maintenance,310
PIPE-0910,pipe,2.09,3.56,663.51,31.73,pvc,196,627,3,0.57,active,263
PIPE-0911,pipe,3.39,5.04,1002.27,11.31,pvc,784,284,4,1.41,operational,266
PIPE-0912,pipe,3.27,3.78,1208.32,26.27,concrete,796,217,4,0.72,operational,286
NODE-0913,node,3.35,4.31,770.47,17.31,concrete,4553,136,0,,active,114
PIPE-0914,pipe,2.41,3.06,1341.04,22.46,steel,1937,34,7,0.64,leak,286
NODE-0915,node,2.79,3.63,1330.59,21.54,steel,4128,183,3,,leak,122
PIPE-0916,pipe,3.85,4.77,206.81,20.01,concrete,794,54,19,0.23,maintenance,320
NODE-0917,node,2.6,4.12,310.31,30.02,concrete,2451,366,3,,offline,179
NODE-0918,node,2.82,4.72,1235.01,31.34,steel,117,162,20,,leak,330
NODE-0919,node,1.02,2.19,1215.59,39.29,steel,1027,601,13,,offline,188
PIPE-0920,pipe,0.82,2.81,354.62,21.55,concrete,4148,444,15,1.04,maintenance,72
NODE-0921,node,0.98,2.9,1390.25,21.5,copper,4513,556,15,,operational,46
PIPE-0922,pipe,1.85,3.22,690.58,27.34,pvc,814,250,11,0.0,active,260
NODE-0923,node,2.45,4.39,1389.27,11.79,concrete,3056,152,9,,maintenance,184
PIPE-0924,pipe,3.42,4.75,1403.88,22.63,pvc,1939,67,4,0.18,leak,246
NODE-0925,node,3.07,4.61,694.59,11.62,steel,4864,85,15,,operational,122
PIPE-0926,pipe,0.61,1.66,210.59,12.31,copper,1326,196,15,1.12,operational,238
NODE-0927,node,2.15,3.73,721.56,29.35,steel,2449,123,4,,active,211
PIPE-0928,pipe,2.61,3.37,324.49,21.89,copper,3821,577,8,1.38,operational,64
NODE-0929,node,2.98,4.12,319.52,39.19,copper,1125,226,12,,operational,287
PIPE-0930,pipe,1.27,2.05,1144.39,26.78,steel,3937,498,10,0.98,maintenance,70
NODE-0931,node,1.08,2.79,1005.31,15.84,steel,955,89,11,,operational,293
NODE-0932,node,0.6,1.52,858.2,11.96,steel,2632,202,17,,leak,222
PIPE-0933,pipe,1.34,1.97,898.17,11.35,copper,474,59,10,0.14,offline,310
PIPE-0934,pipe,3.93,5.56,1442.23,25.01,concrete,3300,374,4,1.05,active,94
NODE-0935,node,1.93,3.54,241.4,34.22,pvc,294,611,12,,maintenance,235
PIPE-0936,pipe,1.52,2.25,748.35,36.56,steel,1997,230,20,0.21,leak,213
NODE-0937,node,2.07,2.77,507.18,28.7,copper,427,709,12,,leak,188
PIPE-0938,pipe,3.99,5.4,1441.22,27.01,copper,897,25,4,1.15,offline,326
PIPE-0939,pipe,2.25,3.43,337.6,18.87,steel,2394,600,11,0.53,active,129
PIPE-0940,pipe,2.99,4.18,1480.6,39.35,copper,1250,136,18,0.73,offline,268
NODE-0941,node,1.9,3.69,1384.0,13.87,concrete,4298,649,10,,offline,11
PIPE-0942,pipe,2.89,4.15,467.96,36.27,steel,567,260,17,0.01,active,298
NODE-0943,node,1.82,3.18,1295.36,16.69,copper,865,367,14,,maintenance,258
NODE-0944,node,0.88,1.65,251.69,38.79,copper,3648,214,12,,offline,140
PIPE-0945,pipe,1.61,3.6,780.81,31.07,copper,1036,295,14,0.06,leak,282
NODE-0946,node,1.01,1.83,895.49,39.63,copper,611,380,13,,maintenance,243
PIPE-0947,pipe,0.69,2.49,1433.7,30.51,concrete,2164,660,5,0.13,active,103
NODE-0948,node,1.92,2.87,1097.09,36.14,pvc,2225,198,1,,active,205
NODE-0949,node,1.7,3.33,330.35,20.48,copper,4045,496,17,,leak,64
NODE-0950,node,1.74,3.28,644.79,10.3,pvc,737,693,18,,operational,194
PIPE-0951,pipe,1.63,3.61,1414.56,32.29,concrete,216,164,14,1.4,maintenance,320
NODE-0952,node,0.9,2.85,668.94,25.62,steel,3790,138,20,,maintenance,154
PIPE-0953,pipe,0.63,2.25,362.72,30.89,pvc,3192,231,11,0.31,leak,142
PIPE-0954,pipe,1.8,2.85,522.72,19.21,steel,4188,674,14,0.62,offline,51
NODE-0955,node,3.4,4.54,1463.7,20.07,pvc,3858,448,11,,leak,83
PIPE-0956,pipe,2.4,3.47,1283.13,30.66,copper,2420,728,19,1.41,active,115
PIPE-0957,pipe,3.32,3.98,1009.47,28.49,copper,949,518,19,1.39,active,220
NODE-0958,node,2.26,3.97,1034.79,35.55,pvc,1925,475,17,,maintenance,180
PIPE-0959,pipe,1.18,2.38,274.22,39.03,copper,3482,670,12,0.01,offline,65
PIPE-0960,pipe,2.28,3.18,1022.15,19.22,copper,2078,14,13,0.05,active,266
PIPE-0961,pipe,3.27,5.03,826.55,32.24,concrete,2845,184,18,1.49,leak,196
NODE-0962,node,1.17,2.64,1259.97,34.04,copper,1155,661,12,,leak,195
NODE-0963,node,3.66,4.94,712.36,12.99,pvc,4230,131,20,,operational,130
NODE-0964,node,3.45,4.89,464.32,26.59,concrete,1769,105,2,,active,266
NODE-0965,node,0.54,2.2,314.27,28.54,steel,4784,401,0,,leak,45
NODE-0966,node,2.72,4.39,361.18,29.58,pvc,2532,208,17,,leak,219
NODE-0967,node,3.2,4.69,484.95,38.05,steel,4846,115,3,,maintenance,90
PIPE-0968,pipe,0.87,1.79,1352.45,12.78,copper,3060,222,12,0.15,active,195
NODE-0969,node,0.76,2.7,206.84,30.62,copper,2668,658,14,,leak,101
PIPE-0970,pipe,1.55,3.41,1023.53,28.94,steel,1060,361,11,0.73,operational,219
PIPE-0971,pipe,1.05,2.66,1397.22,15.79,steel,4490,33,16,0.77,leak,136
PIPE-0972,pipe,3.53,4.2,403.74,19.83,pvc,783,718,4,0.4,maintenance,173
PIPE-0973,pipe,3.84,4.86,872.1,18.83,copper,3672,534,12,1.38,offline,88
PIPE-0974,pipe,1.19,2.96,1104.35,38.86,steel,4881,611,9,0.25,leak,21
NODE-0975,node,2.02,3.19,934.86,18.15,concrete,981,631,12,,maintenance,184
PIPE-0976,pipe,2.48,3.54,985.78,11.93,pvc,376,533,8,0.88,offline,213
NODE-0977,node,1.89,2.56,1232.66,22.88,pvc,3030,261,2,,leak,156
NODE-0978,node,1.8,3.47,271.23,19.56,steel,2794,228,14,,operational,145
NODE-0979,node,3.65,4.99,639.83,28.05,pvc,943,584,8,,operational,179
PIPE-0980,pipe,2.51,3.98,1054.98,23.06,concrete,1723,211,1,1.2,maintenance,248
PIPE-0981,pipe,3.97,5.1,273.73,15.13,concrete,4942,402,7,0.86,offline,49
PIPE-0982,pipe,2.75,4.53,1483.14,37.35,concrete,1173,422,1,1.34,operational,229
PIPE-0983,pipe,1.68,2.2,757.85,34.9,copper,2565,291,10,1.13,maintenance,165
PIPE-0984,pipe,2.45,3.42,957.25,21.8,copper,4141,666,3,1.26,operational,30
PIPE-0985,pipe,0.6,1.17,114.55,13.15,concrete,3669,241,5,0.13,offline,134
PIPE-0986,pipe,3.77,5.57,463.56,33.55,steel,493,321,2,0.4,operational,260
NODE-0987,node,1.44,2.2,292.87,23.82,pvc,2715,161,18,,maintenance,220
NODE-0988,node,2.84,4.12,436.73,24.34,copper,2398,339,15,,leak,192
PIPE-0989,pipe,1.42,2.36,215.91,26.76,pvc,1786,721,2,0.11,maintenance,129
PIPE-0990,pipe,1.24,2.75,755.41,21.55,copper,956,358,6,1.22,operational,247
NODE-0991,node,3.16,4.13,735.63,14.62,steel,1165,234,11,,maintenance,264
NODE-0992,node,3.54,4.81,1192.03,15.64,concrete,3565,178,9,,operational,122
PIPE-0993,pipe,1.02,2.83,1143.04,17.22,copper,1632,283,0,0.71,operational,225
NODE-0994,node,1.73,2.41,870.43,20.63,pvc,1333,416,16,,maintenance,206
NODE-0995,node,0.69,1.6,236.94,29.46,copper,1688,311,6,,maintenance,204
PIPE-0996,pipe,2.58,3.87,791.06,23.01,steel,2139,123,7,0.17,active,231
NODE-0997,node,1.34,2.64,485.64,36.48,copper,3310,412,3,,leak,144
NODE-0998,node,2.23,2.99,385.01,29.11,concrete,125,106,5,,operational,347
NODE-0999,node,3.09,4.87,1063.11,15.11,steel,1465,201,10,,maintenance,244
PIPE-1000,pipe,3.87,5.37,699.09,10.62,concrete,730,184,0,0.89,maintenance,301
